"Date","Price","Open","High","Low","Volume","Vol","Chg","crude oil price","dollar"
"Nov 20, 2020","1,899.50","1,975.00","1,983.80","1,895.00","26.52M","26.52","-0.0373","42.15","74.11"
"Nov 19, 2020","1,973.15","1,987.20","2,010.45","1,968.20","12.83M","12.83","-0.0071","41.74","74.1"
"Nov 18, 2020","1,987.20","1,993.25","2,006.50","1,960.10","14.03M","14.03","-0.003","41.82","74.11"
"Nov 17, 2020","1,993.25","2,085.00","2,085.00","1,985.00","21.48M","21.48","-0.0016","41.43","74.47"
"Nov 13, 2020","1,996.40","1,982.00","2,036.65","1,981.75","20.95M","20.95","0.0083","40.13","74.561"
"Nov 12, 2020","1,980.00","1,981.00","2,008.45","1,965.00","18.48M","18.48","-0.0086","41.12","74.68"
"Nov 11, 2020","1,997.20","2,089.00","2,095.00","1,978.10","26.18M","26.18","-0.0419","41.45","74.439"
"Nov 10, 2020","2,084.55","2,077.00","2,090.00","2,041.20","17.05M","17.05","0.0165","41.36","74.28"
"Nov 09, 2020","2,050.70","2,062.10","2,069.00","2,036.00","16.54M","16.54","0.0106","40.29","74.03"
"Nov 06, 2020","2,029.15","1,990.00","2,040.00","1,978.15","30.77M","30.77","0.0379","37.14","73.974"
"Nov 05, 2020","1,955.00","1,954.95","1,960.95","1,932.00","17.17M","17.17","0.0218","38.79","73.91"
"Nov 04, 2020","1,913.20","1,837.00","1,929.00","1,837.00","37.00M","37.00","0.0339","39.15","74.365"
"Nov 03, 2020","1,850.40","1,890.00","1,909.00","1,835.10","40.93M","40.93","-0.0144","37.66","74.61"
"Nov 02, 2020","1,877.45","2,027.00","2,027.00","1,859.15","45.86M","45.86","-0.0862","36.81","74.5"
"Oct 30, 2020 E","2,054.50","2,033.50","2,065.10","2,021.80","15.70M","15.70","0.0136","35.79","74.554"
"Oct 29, 2020","2,026.90","1,997.00","2,042.00","1,991.00","14.15M","14.15","0.0077","36.17","74.37"
"Oct 28, 2020","2,011.45","2,041.80","2,057.70","2,007.40","13.81M","13.81","-0.0113","37.39","74.18"
"Oct 27, 2020","2,034.50","2,034.90","2,059.85","2,005.00","16.84M","16.84","0.0027","39.57","73.622"
"Oct 26, 2020","2,029.10","2,101.95","2,101.95","2,018.50","17.23M","17.23","-0.0397","38.56","73.96"
"Oct 23, 2020","2,113.05","2,106.00","2,135.00","2,096.40","10.81M","10.81","0.0005","39.85","73.829"
"Oct 22, 2020","2,111.90","2,127.95","2,131.25","2,092.00","14.21M","14.21","-0.006","40.64","73.66"
"Oct 21, 2020","2,124.60","2,168.00","2,192.00","2,097.75","15.73M","15.73","-0.0145","40.03","73.59"
"Oct 20, 2020","2,155.90","2,179.00","2,193.00","2,152.25","8.53M","8.53","-0.0093","41.46","73.44"
"Oct 19, 2020","2,176.20","2,190.05","2,228.70","2,155.15","14.40M","14.40","0.0002","40.83","73.35"
"Oct 16, 2020","2,175.80","2,215.00","2,232.50","2,172.65","9.96M","9.96","-0.0139","40.88","73.442"
"Oct 15, 2020","2,206.50","2,290.00","2,290.00","2,195.00","9.25M","9.25","-0.0354","40.96","73.42"
"Oct 14, 2020","2,287.50","2,278.90","2,304.00","2,268.50","12.34M","12.34","0.003","41.04","73.24"
"Oct 13, 2020","2,280.70","2,230.60","2,285.75","2,225.85","10.67M","10.67","0.0195","40.2","73.4"
"Oct 12, 2020","2,237.05","2,235.00","2,255.75","2,226.25","6.57M","6.57","0.0016","39.43","73.363"
"Oct 09, 2020","2,233.45","2,235.00","2,253.00","2,217.10","8.56M","8.56","-0.0026","40.6","73.01"
"Oct 08, 2020","2,239.25","2,259.00","2,268.00","2,222.10","9.73M","9.73","-0.0081","41.19","73.29"
"Oct 07, 2020","2,257.50","2,235.00","2,309.00","2,220.00","24.54M","24.54","0.0213","39.95","73.33"
"Oct 06, 2020","2,210.35","2,225.25","2,233.90","2,201.65","8.50M","8.50","-0.0008","40.67","73.434"
"Oct 05, 2020","2,212.20","2,244.00","2,249.15","2,206.00","8.73M","8.73","-0.0059","39.22","73.11"
"Oct 01, 2020","2,225.25","2,263.80","2,263.80","2,214.00","9.59M","9.59","-0.0041","38.72","73.193"
"Sep 30, 2020","2,234.35","2,260.00","2,267.00","2,225.00","11.29M","11.29","-0.0048","40.22","73.56"
"Sep 29, 2020","2,245.05","2,225.00","2,264.00","2,216.25","11.93M","11.93","0.013","39.29","73.75"
"Sep 28, 2020","2,216.25","2,227.00","2,238.00","2,207.05","9.08M","9.08","0.0066","40.6","73.75"
"Sep 25, 2020","2,201.70","2,189.00","2,212.80","2,167.30","13.10M","13.10","0.0094","40.25","73.67"
"Sep 24, 2020","2,181.20","2,207.90","2,226.00","2,176.05","13.77M","13.77","-0.0222","40.31","73.9"
"Sep 23, 2020","2,230.80","2,260.00","2,276.75","2,205.30","19.84M","19.84","0.0089","39.93","73.57"
"Sep 22, 2020","2,211.15","2,277.00","2,277.00","2,201.55","16.06M","16.06","-0.0198","39.6","73.51"
"Sep 21, 2020","2,255.85","2,300.00","2,336.00","2,247.35","15.52M","15.52","-0.0216","39.31","73.57"
"Sep 18, 2020","2,305.70","2,314.25","2,319.45","2,276.55","15.26M","15.26","0.003","41.11","73.538"
"Sep 17, 2020","2,298.75","2,320.00","2,333.70","2,291.85","11.92M","11.92","-0.0111","40.97","73.6"
"Sep 16, 2020","2,324.55","2,320.00","2,369.35","2,310.55","15.67M","15.67","0.0025","40.16","73.545"
"Sep 15, 2020","2,318.85","2,311.95","2,325.75","2,288.15","12.54M","12.54","0.0071","38.28","73.6"
"Sep 14, 2020","2,302.55","2,325.00","2,360.00","2,282.00","20.34M","20.34","-0.0074","37.26","73.37"
"Sep 11, 2020","2,319.75","2,312.00","2,337.85","2,287.10","27.45M","27.45","0.0025","37.33","73.43"
"Sep 10, 2020","2,314.00","2,183.10","2,344.95","2,175.35","64.75M","64.75","0.0706","37.3","73.43"
"Sep 09, 2020","2,161.35","2,085.00","2,167.80","2,081.45","25.53M","25.53","0.0257","38.05","73.3"
"Sep 08, 2020","2,107.10","2,092.00","2,121.00","2,080.50","12.64M","12.64","0.0117","36.76","73.74"
"Sep 07, 2020","2,082.65","2,084.00","2,105.75","2,044.25","10.12M","10.12","0.0026","39.2","73.444"
"Sep 04, 2020","2,077.25","2,083.55","2,096.95","2,072.20","13.14M","13.14","-0.0165","39.77","73.289"
"Sep 03, 2020","2,112.10","2,128.00","2,138.75","2,103.00","8.58M","8.58","-0.0076","41.37","73.389"
"Sep 02, 2020","2,128.20","2,092.00","2,138.00","2,085.00","12.44M","12.44","0.0196","41.51","73.268"
"Sep 01, 2020","2,087.25","2,100.00","2,122.40","2,062.40","17.82M","17.82","0.0031","42.76","73.002"
"Aug 31, 2020","2,080.70","2,174.00","2,174.00","2,060.35","28.65M","28.65","-0.0168","42.61","73.254"
"Aug 28, 2020","2,116.15","2,120.00","2,132.90","2,106.25","12.54M","12.54","0.0026","42.97","73.114"
"Aug 27, 2020","2,110.60","2,148.00","2,150.00","2,103.25","12.96M","12.96","-0.0125","43.04","73.894"
"Aug 26, 2020","2,137.30","2,085.00","2,147.95","2,047.00","27.63M","27.63","0.0265","43.39","74.217"
"Aug 25, 2020","2,082.10","2,106.00","2,111.30","2,078.00","8.95M","8.95","-0.0065","43.35","74.202"
"Aug 24, 2020","2,095.75","2,091.40","2,104.50","2,070.50","15.10M","15.10","0.0067","42.62","74.168"
"Aug 21, 2020","2,081.85","2,118.00","2,122.00","2,077.00","11.67M","11.67","-0.0072","42.34","74.92"
"Aug 20, 2020","2,097.05","2,120.00","2,123.90","2,088.00","10.40M","10.40","-0.0162","42.58","75.012"
"Aug 19, 2020","2,131.55","2,141.00","2,154.00","2,121.35","15.73M","15.73","0.0061","42.93","74.846"
"Aug 18, 2020","2,118.55","2,085.00","2,134.30","2,082.35","14.10M","14.10","0.013","42.89","74.57"
"Aug 17, 2020","2,091.35","2,105.00","2,105.00","2,070.10","14.30M","14.30","-0.0106","42.89","74.743"
"Aug 14, 2020","2,113.80","2,122.55","2,157.00","2,089.25","15.33M","15.33","-0.0039","42.01","74.874"
"Aug 13, 2020","2,122.05","2,128.00","2,138.90","2,110.00","11.46M","11.46","-0.0026","42.24","74.811"
"Aug 12, 2020","2,127.60","2,121.00","2,145.00","2,106.80","13.97M","13.97","-0.0029","42.67","74.79"
"Aug 11, 2020","2,133.80","2,134.80","2,160.00","2,100.35","21.61M","21.61","0.0066","41.61","74.61"
"Aug 10, 2020","2,119.85","2,159.10","2,165.00","2,108.10","12.44M","12.44","-0.0124","41.94","74.87"
"Aug 07, 2020","2,146.45","2,129.80","2,157.80","2,120.20","15.22M","15.22","0.0058","41.22","75.025"
"Aug 06, 2020","2,134.10","2,157.00","2,167.70","2,107.80","22.76M","22.76","0.0036","41.95","74.9"
"Aug 05, 2020","2,126.45","2,169.00","2,196.00","2,118.30","34.41M","34.41","-0.0112","42.19","74.798"
"Aug 04, 2020","2,150.60","2,020.60","2,167.00","2,000.25","42.48M","42.48","0.0705","41.7","75.062"
"Aug 03, 2020","2,009.00","2,051.30","2,057.00","2,003.10","21.56M","21.56","-0.0281","41.01","75.185"
"Jul 31, 2020","2,067.10","2,114.50","2,129.00","2,052.80","34.59M","34.59","-0.0198","40.27","74.918"
"Jul 30, 2020 E","2,108.85","2,099.00","2,139.70","2,072.00","33.62M","33.62","0.0058","39.92","74.877"
"Jul 29, 2020","2,096.65","2,177.90","2,182.80","2,070.45","33.54M","33.54","-0.0372","41.27","74.948"
"Jul 28, 2020","2,177.70","2,156.20","2,194.00","2,150.65","25.44M","25.44","0.01","41.04","74.909"
"Jul 27, 2020","2,156.20","2,178.80","2,198.80","2,127.90","37.06M","37.06","0.0047","41.6","74.8"
"Jul 24, 2020","2,146.15","2,058.00","2,163.00","2,057.80","55.66M","55.66","0.0429","41.29","74.76"
"Jul 23, 2020","2,057.80","2,003.95","2,079.70","1,991.35","26.92M","26.92","0.0268","41.07","74.815"
"Jul 22, 2020","2,004.00","1,983.00","2,010.00","1,960.70","27.58M","27.58","0.0165","41.9","74.61"
"Jul 21, 2020","1,971.55","1,939.00","1,977.00","1,936.50","19.46M","19.46","0.0269","41.96","74.54"
"Jul 20, 2020","1,919.90","1,917.80","1,932.00","1,899.65","16.89M","16.89","0.0043","40.81","74.75"
"Jul 17, 2020","1,911.70","1,845.00","1,920.00","1,838.00","22.95M","22.95","0.0371","40.59","74.897"
"Jul 16, 2020","1,843.40","1,847.00","1,869.00","1,812.45","28.13M","28.13","-0.0003","40.75","75.18"
"Jul 15, 2020","1,844.00","1,937.95","1,978.80","1,798.00","64.46M","64.46","-0.0381","41.2","75.125"
"Jul 14, 2020","1,917.00","1,934.00","1,941.70","1,887.30","31.07M","31.07","-0.0093","40.29","75.407"
"Jul 13, 2020","1,935.00","1,903.35","1,947.70","1,900.00","32.12M","32.12","0.0303","40.1","75.212"
"Jul 10, 2020","1,878.05","1,828.50","1,884.60","1,824.25","20.20M","20.20","0.0295","40.55","75.195"
"Jul 09, 2020","1,824.25","1,809.00","1,835.00","1,786.25","16.81M","16.81","0.0146","39.62","75.155"
"Jul 08, 2020","1,798.00","1,824.05","1,834.95","1,790.00","12.09M","12.09","-0.014","40.9","74.945"
"Jul 07, 2020","1,823.45","1,860.00","1,864.35","1,806.30","16.24M","16.24","-0.0153","40.62","74.81"
"Jul 06, 2020","1,851.80","1,805.00","1,858.00","1,792.10","21.70M","21.70","0.0357","40.63","74.635"
"Jul 03, 2020","1,787.90","1,779.80","1,793.00","1,768.00","13.58M","13.58","0.0157","40.28","74.636"
"Jul 02, 2020 D","1,760.35","1,743.00","1,767.60","1,735.05","13.29M","13.29","0.0131","40.65","74.75"
"Jul 01, 2020","1,737.60","1,720.00","1,749.00","1,708.05","13.14M","13.14","0.0197","39.82","75.49"
"Jun 30, 2020","1,704.10","1,737.00","1,741.00","1,695.55","13.97M","13.97","-0.0111","39.27","75.545"
"Jun 29, 2020","1,723.15","1,728.05","1,739.75","1,715.55","11.83M","11.83","-0.0106","39.7","75.51"
"Jun 26, 2020","1,741.65","1,728.80","1,752.00","1,717.00","14.27M","14.27","0.0138","38.49","75.62"
"Jun 25, 2020","1,717.90","1,727.00","1,749.00","1,713.05","18.31M","18.31","-0.0058","38.72","75.587"
"Jun 24, 2020","1,727.85","1,735.90","1,772.70","1,711.70","23.81M","23.81","0.004","38.01","75.665"
"Jun 23, 2020","1,720.90","1,750.00","1,763.75","1,716.10","17.52M","17.52","-0.0145","40.37","75.503"
"Jun 22, 2020","1,746.15","1,773.40","1,804.20","1,735.00","27.78M","27.78","-0.0075","40.46","75.79"
"Jun 19, 2020","1,759.40","1,670.00","1,788.80","1,662.00","48.83M","48.83","0.0625","39.75","76.26"
"Jun 18, 2020","1,655.90","1,607.00","1,665.00","1,605.60","18.68M","18.68","0.0251","38.84","76.4"
"Jun 17, 2020","1,615.35","1,608.25","1,635.45","1,602.10","19.28M","19.28","-0.0015","37.96","76.29"
"Jun 16, 2020","1,617.70","1,643.00","1,648.55","1,585.30","23.62M","23.62","0.002","38.38","76.25"
"Jun 15, 2020","1,614.55","1,565.00","1,626.95","1,561.10","24.51M","24.51","0.0162","37.12","75.979"
"Jun 12, 2020","1,588.80","1,500.00","1,593.00","1,497.00","17.79M","17.79","0.0332","36.26","76.05"
"Jun 11, 2020","1,537.70","1,566.00","1,567.95","1,531.00","9.41M","9.41","-0.0219","36.34","75.971"
"Jun 10, 2020","1,572.15","1,543.10","1,579.55","1,540.05","10.21M","10.21","0.0228","39.6","75.634"
"Jun 09, 2020","1,537.15","1,560.30","1,583.00","1,533.00","11.93M","11.93","-0.0206","38.94","75.505"
"Jun 08, 2020","1,569.50","1,618.40","1,618.40","1,565.00","14.50M","14.50","-0.0077","38.19","75.4"
"Jun 05, 2020","1,581.70","1,595.00","1,618.00","1,573.70","15.27M","15.27","0.0012","39.55","75.56"
"Jun 04, 2020","1,579.80","1,544.00","1,589.50","1,541.00","15.78M","15.78","0.0247","37.41","75.459"
"Jun 03, 2020","1,541.65","1,545.00","1,560.00","1,533.35","11.71M","11.71","0.0039","37.29","75.325"
"Jun 02, 2020","1,535.70","1,526.00","1,540.00","1,520.80","10.22M","10.22","0.0101","36.81","75.1"
"Jun 01, 2020","1,520.35","1,480.00","1,538.35","1,475.95","18.43M","18.43","0.0382","35.44","75.505"
"May 29, 2020","1,464.40","1,468.00","1,472.00","1,452.65","18.47M","18.47","-0.0053","35.49","75.605"
"May 28, 2020","1,472.25","1,455.00","1,479.75","1,449.00","18.52M","18.52","0.0185","33.71","75.66"
"May 27, 2020","1,445.55","1,431.00","1,454.00","1,412.00","16.46M","16.46","0.0151","32.81","75.92"
"May 26, 2020","1,424.05","1,448.15","1,449.70","1,416.30","15.33M","15.33","-0.0052","34.35","75.459"
"May 22, 2020","1,431.55","1,451.80","1,458.00","1,426.50","17.46M","17.46","-0.0067","33.25","75.95"
"May 21, 2020","1,441.25","1,435.00","1,461.45","1,425.00","18.08M","18.08","0.0053","33.92","75.62"
"May 20, 2020","1,433.70","1,410.00","1,446.85","1,393.00","25.53M","25.53","0.0176","33.49","75.555"
"May 19, 2020","1,408.90","1,457.00","1,461.70","1,403.25","19.53M","19.53","-0.0221","32.5","75.645"
"May 18, 2020","1,440.75","1,470.00","1,482.00","1,428.00","28.98M","28.98","-0.0128","31.82","75.7"
"May 15, 2020","1,459.40","1,444.00","1,466.70","1,415.10","28.68M","28.68","0.0163","29.43","75.83"
"May 14, 2020","1,435.95","1,469.00","1,496.70","1,430.05","22.74M","22.74","-0.0404","27.56","75.495"
"May 13, 2020 S","1,496.45","1,527.00","1,527.00","1,454.00","30.66M","30.66","0.0212","25.29","75.365"
"May 12, 2020","1,465.36","1,550.11","1,553.62","1,451.24","46.47M","46.47","-0.0619","25.78","75.062"
"May 11, 2020","1,561.99","1,565.16","1,599.84","1,557.54","30.96M","30.96","0.0096","24.14","75.888"
"May 08, 2020","1,547.13","1,530.49","1,565.06","1,522.67","38.89M","38.89","0.0364","24.74","75.535"
"May 07, 2020","1,492.80","1,441.34","1,499.44","1,431.43","23.09M","23.09","0.0316","23.55","75.794"
"May 06, 2020","1,447.03","1,450.25","1,471.01","1,431.93","18.69M","18.69","0.0001","23.99","76.105"
"May 05, 2020","1,446.93","1,440.05","1,465.11","1,433.61","20.72M","20.72","0.0177","24.56","75.71"
"May 04, 2020","1,421.72","1,426.48","1,451.24","1,404.14","24.67M","24.67","-0.021","20.39","75.64"
"Apr 30, 2020 E","1,452.23","1,440.30","1,480.91","1,424.55","32.93M","32.93","0.0274","18.84","75.08"
"Apr 29, 2020","1,413.55","1,431.33","1,440.00","1,406.67","17.30M","17.30","-0.0008","15.06","75.455"
"Apr 28, 2020","1,414.74","1,436.38","1,441.78","1,379.08","36.21M","36.21","-0.0011","12.34","76.065"
"Apr 27, 2020","1,416.32","1,420.53","1,461.15","1,409.64","26.99M","26.99","0.009","12.78","76.229"
"Apr 24, 2020","1,403.69","1,337.47","1,480.91","1,334.55","62.30M","62.30","0.0336","16.94","76.27"
"Apr 23, 2020","1,358.03","1,354.51","1,372.84","1,340.59","30.21M","30.21","0.0054","16.5","75.895"
"Apr 22, 2020","1,350.80","1,307.61","1,371.90","1,287.79","65.85M","65.85","0.102","13.78","76.41"
"Apr 21, 2020","1,225.73","1,198.64","1,240.24","1,153.07","28.32M","28.32","-0.0052","10.01","76.975"
"Apr 20, 2020","1,232.12","1,214.49","1,245.20","1,190.71","16.63M","16.63","0.0162","-37.63","76.575"
"Apr 17, 2020","1,212.51","1,204.58","1,218.45","1,181.45","15.35M","15.35","0.0479","18.27","76.55"
"Apr 16, 2020","1,157.08","1,139.05","1,176.30","1,134.25","17.29M","17.29","0.0158","19.87","76.805"
"Apr 15, 2020","1,139.05","1,185.81","1,224.39","1,132.27","16.30M","16.30","-0.033","19.87","76.563"
"Apr 13, 2020","1,177.98","1,192.64","1,203.59","1,168.92","10.93M","10.93","-0.0252","22.41","76.249"
"Apr 09, 2020","1,208.49","1,202.60","1,221.22","1,181.80","15.24M","15.24","0.0233","22.76","76.3"
"Apr 08, 2020","1,180.96","1,168.92","1,217.46","1,149.11","23.02M","23.02","-0.0116","25.09","75.945"
"Apr 07, 2020","1,194.77","1,091.75","1,202.60","1,089.67","25.09M","25.09","0.1194","23.63","75.645"
"Apr 03, 2020","1,067.33","1,123.80","1,123.80","1,046.38","19.09M","19.09","-0.0028","28.34","76.241"
"Apr 01, 2020","1,070.30","1,111.71","1,114.04","1,035.39","19.20M","19.20","-0.0299","20.31","76.404"
"Mar 31, 2020","1,103.29","1,063.87","1,119.19","1,038.16","20.44M","20.44","0.0808","20.48","75.343"
"Mar 30, 2020","1,020.77","1,030.83","1,064.71","1,010.42","13.95M","13.95","-0.033","20.09","75.41"
"Mar 27, 2020","1,055.59","1,084.72","1,096.90","1,036.38","19.23M","19.23","-0.0006","21.51","75.472"
"Mar 26, 2020","1,056.19","1,085.51","1,106.41","1,032.56","21.11M","21.11","-0.0148","22.6","74.89"
"Mar 25, 2020","1,072.09","954.75","1,140.74","954.21","33.75M","33.75","0.1472","24.49","76.375"
"Mar 24, 2020","934.54","921.27","960.89","887.39","21.12M","21.12","0.0671","24.01","76.379"
"Mar 23, 2020","875.75","907.6","941.08","867.43","18.77M","18.77","-0.1315","23.36","76.335"
"Mar 20, 2020","1,008.39","930.68","1,025.18","921.27","29.24M","29.24","0.1092","22.43","75.398"
"Mar 19, 2020","909.08","911.46","957.92","883.82","28.34M","28.34","-0.0525","25.22","74.786"
"Mar 18, 2020","959.41","1,015.67","1,026.17","951.98","20.64M","20.64","-0.0392","20.37","74.55"
"Mar 17, 2020","998.53","1,037.42","1,050.05","993.78","20.97M","20.97","-0.0076","26.95","74.062"
"Mar 16, 2020","1,006.16","1,050.59","1,069.56","995.56","17.76M","17.76","-0.0811","28.7","74.003"
"Mar 13, 2020","1,094.92","988.63","1,129.30","933.55","33.83M","33.83","0.0398","31.73","73.84"
"Mar 12, 2020","1,053.02","1,074.81","1,090.66","1,038.85","25.83M","25.83","-0.0785","31.5","74.576"
"Mar 11, 2020","1,142.72","1,097.60","1,167.38","1,097.60","27.50M","27.50","0.0354","32.98","73.682"
"Mar 09, 2020","1,103.69","1,228.41","1,229.35","1,084.72","40.70M","40.70","-0.1234","31.13","74.15"
"Mar 06, 2020","1,259.07","1,258.07","1,276.05","1,229.45","15.57M","15.57","-0.0306","41.28","74.195"
"Mar 05, 2020","1,298.84","1,339.50","1,345.20","1,293.74","14.08M","14.08","-0.0213","45.9","73.507"
"Mar 04, 2020","1,327.12","1,339.30","1,341.09","1,295.62","10.20M","10.20","-0.0023","46.78","73.54"
"Mar 03, 2020","1,330.24","1,317.21","1,341.19","1,309.59","12.64M","12.64","0.0203","47.18","73.05"
"Mar 02, 2020","1,303.79","1,342.38","1,356.15","1,288.88","13.61M","13.61","-0.0094","46.75","72.882"
"Feb 28, 2020","1,316.17","1,342.18","1,344.26","1,312.56","18.14M","18.14","-0.0416","44.76","72.539"
"Feb 27, 2020","1,373.23","1,374.97","1,380.71","1,356.15","11.56M","11.56","-0.0041","47.09","71.655"
"Feb 26, 2020","1,378.93","1,396.76","1,399.09","1,374.32","13.55M","13.55","-0.0172","48.73","71.58"
"Feb 25, 2020","1,403.10","1,437.77","1,437.77","1,396.76","12.80M","12.80","-0.0198","49.9","71.82"
"Feb 24, 2020","1,431.38","1,455.95","1,463.13","1,426.03","9.86M","9.86","-0.0276","51.43","71.935"
"Feb 20, 2020","1,472.00","1,482.94","1,493.84","1,469.87","7.80M","7.80","-0.0119","53.78","71.68"
"Feb 19, 2020","1,489.68","1,465.46","1,492.30","1,461.25","6.50M","6.50","0.0248","53.29","71.6"
"Feb 18, 2020","1,453.62","1,462.04","1,462.04","1,443.72","5.14M","5.14","-0.0073","52.05","71.585"
"Feb 17, 2020","1,464.37","1,475.02","1,492.01","1,460.46","6.07M","6.07","-0.0063","52.2","71.34"
"Feb 14, 2020","1,473.63","1,463.38","1,487.35","1,439.46","9.80M","9.80","0.0091","52.05","71.528"
"Feb 13, 2020","1,460.31","1,463.87","1,463.87","1,448.87","6.26M","6.26","0.0026","51.42","71.33"
"Feb 12, 2020","1,456.49","1,442.48","1,461.00","1,441.34","6.25M","6.25","0.0121","51.17","71.306"
"Feb 11, 2020","1,439.11","1,433.81","1,452.43","1,431.48","6.46M","6.46","0.0119","49.94","71.285"
"Feb 10, 2020","1,422.12","1,414.59","1,431.93","1,397.21","6.99M","6.99","0.0014","49.57","71.29"
"Feb 07, 2020","1,420.19","1,437.38","1,438.71","1,414.89","5.63M","5.63","-0.0166","50.32","71.515"
"Feb 06, 2020","1,444.11","1,440.45","1,453.22","1,426.58","7.17M","7.17","0.0064","50.95","71.225"
"Feb 05, 2020","1,434.90","1,421.43","1,439.16","1,416.87","8.52M","8.52","0.0155","50.75","71.19"
"Feb 04, 2020","1,413.01","1,386.85","1,419.05","1,384.67","11.71M","11.71","0.0295","49.61","71.115"
"Feb 03, 2020","1,372.49","1,357.04","1,386.80","1,350.25","14.17M","14.17","0.0016","50.11","71.324"
"Jan 31, 2020","1,398.39","1,439.36","1,439.60","1,393.99","16.04M","16.04","-0.0222","51.56","71.555"
"Jan 30, 2020","1,430.19","1,465.11","1,465.81","1,426.48","10.34M","10.34","-0.0244","52.14","71.55"
"Jan 29, 2020","1,465.95","1,460.21","1,480.37","1,450.30","11.42M","11.42","0.0055","53.33","71.31"
"Jan 28, 2020","1,457.93","1,494.43","1,495.82","1,449.86","11.32M","11.32","-0.0231","53.48","71.2"
"Jan 27, 2020","1,492.40","1,500.68","1,510.14","1,490.87","6.18M","6.18","-0.0099","53.14","71.45"
"Jan 24, 2020","1,507.26","1,512.66","1,521.92","1,504.29","6.75M","6.75","-0.0035","54.19","71.33"
"Jan 23, 2020","1,512.51","1,522.07","1,527.47","1,506.42","5.19M","5.19","-0.0042","55.59","71.4"
"Jan 22, 2020","1,518.95","1,529.50","1,532.23","1,516.72","4.76M","4.76","-0.0004","56.74","71.08"
"Jan 21, 2020","1,519.50","1,514.25","1,531.33","1,507.71","8.73M","8.73","0.001","58.34","71.17"
"Jan 20, 2020","1,517.96","1,593.89","1,593.89","1,512.07","15.02M","15.02","-0.0308","58.73","71.04"
"Jan 17, 2020 E","1,566.15","1,538.91","1,570.07","1,538.62","13.60M","13.60","0.028","58.54","71.079"
"Jan 16, 2020","1,523.46","1,514.64","1,528.86","1,513.65","5.93M","5.93","0.0092","58.52","70.978"
"Jan 15, 2020","1,509.54","1,521.43","1,525.44","1,503.99","7.30M","7.30","-0.0036","57.81","70.72"
"Jan 14, 2020","1,515.04","1,525.54","1,535.45","1,507.56","7.30M","7.30","-0.0093","58.23","70.85"
"Jan 13, 2020","1,529.20","1,530.54","1,544.06","1,523.95","8.44M","8.44","-0.0026","58.08","70.71"
"Jan 10, 2020","1,533.12","1,537.33","1,543.32","1,525.19","5.76M","5.76","-0.0002","59.04","70.96"
"Jan 09, 2020","1,533.46","1,524.15","1,535.45","1,516.87","6.91M","6.91","0.023","59.56","71.21"
"Jan 08, 2020","1,498.94","1,500.77","1,520.04","1,495.82","7.41M","7.41","-0.0075","59.61","71.51"
"Jan 07, 2020","1,510.28","1,504.74","1,520.09","1,499.29","7.70M","7.70","0.0154","62.7","71.845"
"Jan 06, 2020","1,487.40","1,505.73","1,513.55","1,483.93","11.32M","11.32","-0.0232","63.27","71.867"
"Jan 03, 2020","1,522.72","1,518.61","1,527.17","1,508.70","9.68M","9.68","0.0012","63.05","71.77"
"Jan 02, 2020","1,520.88","1,497.80","1,526.48","1,497.80","8.17M","8.17","0.017","61.18","71.35"
"Jan 01, 2020","1,495.42","1,503.75","1,512.76","1,491.36","6.46M","6.46","-0.0029","61.33","71.228"
"Dec 31, 2019","1,499.83","1,527.52","1,529.20","1,493.89","10.25M","10.25","-0.0195","61.06","71.355"
"Dec 30, 2019","1,529.70","1,531.43","1,533.12","1,513.70","7.90M","7.90","0.0012","61.68","71.32"
"Dec 27, 2019","1,527.87","1,512.66","1,531.68","1,507.01","8.16M","8.16","0.0178","61.72","71.455"
"Dec 26, 2019","1,501.17","1,527.17","1,538.37","1,495.97","13.73M","13.73","-0.0201","61.68","71.3"
"Dec 24, 2019","1,531.93","1,554.17","1,557.29","1,528.02","8.33M","8.33","-0.0159","61.11","71.28"
"Dec 23, 2019","1,556.64","1,545.45","1,562.74","1,543.17","11.59M","11.59","-0.0173","60.52","71.22"
"Dec 20, 2019","1,584.08","1,599.84","1,602.36","1,581.11","9.82M","9.82","-0.0067","60.44","71.06"
"Dec 19, 2019","1,594.83","1,558.92","1,599.74","1,557.04","9.46M","9.46","0.0216","61.22","71.18"
"Dec 18, 2019","1,561.05","1,548.32","1,565.16","1,547.33","6.80M","6.80","0.0084","60.93","71"
"Dec 17, 2019","1,548.03","1,552.04","1,564.17","1,540.94","9.38M","9.38","-0.0025","60.94","71.035"
"Dec 16, 2019","1,551.89","1,577.05","1,578.93","1,549.66","5.49M","5.49","-0.0103","60.21","70.915"
"Dec 13, 2019","1,568.04","1,565.16","1,575.07","1,557.64","5.85M","5.85","0.0094","60.07","70.798"
"Dec 12, 2019","1,553.47","1,555.51","1,559.07","1,542.03","4.77M","4.77","0.0037","59.18","70.57"
"Dec 11, 2019","1,547.73","1,540.99","1,559.72","1,536.04","5.71M","5.71","0.0003","58.76","70.71"
"Dec 10, 2019","1,547.28","1,557.29","1,558.82","1,539.56","4.69M","4.69","-0.0068","59.24","70.81"
"Dec 09, 2019","1,557.83","1,541.54","1,562.59","1,531.98","5.83M","5.83","0.0114","59.02","70.97"
"Dec 06, 2019","1,540.30","1,538.42","1,553.28","1,526.63","6.04M","6.04","0.0026","59.2","71.283"
"Dec 05, 2019","1,536.29","1,559.22","1,564.92","1,529.50","9.20M","9.20","-0.0012","58.43","71.252"
"Dec 04, 2019","1,538.12","1,558.23","1,562.69","1,519.35","9.69M","9.69","-0.0166","58.43","71.474"
"Dec 03, 2019","1,564.07","1,577.79","1,579.03","1,557.83","6.00M","6.00","-0.0048","56.1","71.74"
"Dec 02, 2019","1,571.60","1,584.98","1,599.29","1,562.19","14.41M","14.41","0.0228","55.96","71.634"
"Nov 29, 2019","1,536.58","1,567.10","1,567.10","1,533.32","8.57M","8.57","-0.0184","55.17","71.749"
"Nov 28, 2019","1,565.46","1,557.88","1,569.27","1,549.26","6.34M","6.34","0.0067","58.08","71.505"
"Nov 27, 2019","1,555.11","1,545.30","1,560.71","1,541.49","4.45M","4.45","0.0062","58.11","71.26"
"Nov 26, 2019","1,545.60","1,553.38","1,561.55","1,541.39","16.31M","16.31","-0.0008","58.41","71.48"
"Nov 25, 2019","1,546.89","1,536.58","1,550.11","1,536.44","6.99M","6.99","0.0097","58.01","71.689"
"Nov 22, 2019","1,531.98","1,527.62","1,554.76","1,523.16","10.32M","10.32","0.0058","57.77","71.792"
"Nov 21, 2019","1,523.16","1,530.49","1,541.39","1,514.20","6.88M","6.88","-0.0065","58.58","71.75"
"Nov 20, 2019","1,533.12","1,540.45","1,557.64","1,528.71","20.09M","20.09","0.0251","57.11","71.746"
"Nov 19, 2019","1,495.57","1,453.22","1,500.68","1,451.24","13.93M","13.93","0.0346","55.21","71.83"
"Nov 18, 2019","1,445.50","1,458.82","1,472.05","1,441.73","6.50M","6.50","-0.0079","57.05","71.945"
"Nov 15, 2019","1,457.04","1,451.89","1,472.84","1,449.41","7.24M","7.24","0.0055","57.72","71.65"
"Nov 14, 2019","1,449.01","1,462.14","1,467.69","1,442.13","6.58M","6.58","-0.0065","56.77","71.966"
"Nov 13, 2019","1,458.48","1,416.57","1,462.04","1,416.57","11.64M","11.64","0.0312","57.12","72.15"
"Nov 11, 2019","1,414.39","1,425.59","1,430.69","1,409.19","5.24M","5.24","-0.0122","56.86","71.57"
"Nov 08, 2019","1,431.93","1,435.39","1,445.94","1,427.77","5.55M","5.55","-0.009","57.24","71.36"
"Nov 07, 2019","1,444.90","1,421.53","1,449.26","1,418.75","6.50M","6.50","0.0165","57.15","71.047"
"Nov 06, 2019","1,421.43","1,429.15","1,432.87","1,415.09","6.75M","6.75","-0.0086","56.35","71.01"
"Nov 05, 2019","1,433.71","1,449.36","1,455.16","1,427.47","5.85M","5.85","-0.0071","57.23","70.775"
"Nov 04, 2019","1,443.96","1,452.14","1,457.19","1,431.53","6.49M","6.49","0.0005","56.54","70.789"
"Nov 01, 2019","1,443.22","1,441.34","1,448.07","1,427.47","6.42M","6.42","-0.0051","56.2","70.76"
"Oct 31, 2019","1,450.60","1,470.07","1,475.66","1,447.97","8.98M","8.98","-0.01","54.18","70.98"
"Oct 30, 2019","1,465.21","1,466.10","1,470.61","1,446.59","7.54M","7.54","0.0082","55.06","70.953"
"Oct 29, 2019","1,453.27","1,431.93","1,466.10","1,428.56","11.89M","11.89","0.0229","55.54","70.89"
"Oct 27, 2019","1,420.78","1,427.47","1,431.43","1,416.57","1.39M","1.39","0.0021","55.81","70.745"
"Oct 25, 2019","1,417.76","1,427.57","1,427.91","1,398.00","6.25M","6.25","-0.0037","56.66","70.82"
"Oct 24, 2019","1,422.96","1,387.84","1,427.87","1,373.53","10.45M","10.45","0.0316","56.23","70.965"
"Oct 23, 2019","1,379.33","1,403.00","1,412.56","1,370.16","8.51M","8.51","-0.0154","55.97","70.725"
"Oct 22, 2019","1,400.87","1,411.62","1,423.36","1,390.17","12.82M","12.82","-0.0016","54.16","70.809"
"Oct 18, 2019 E","1,403.05","1,390.82","1,414.49","1,385.57","12.98M","12.98","0.0142","53.78","71.09"
"Oct 17, 2019","1,383.39","1,362.09","1,385.86","1,359.12","7.40M","7.40","0.0176","53.93","71.13"
"Oct 16, 2019","1,359.46","1,357.04","1,366.70","1,350.89","8.95M","8.95","0.006","53.36","71.364"
"Oct 15, 2019","1,351.34","1,349.71","1,357.14","1,341.58","4.46M","4.46","0.0045","52.81","71.5"
"Oct 14, 2019","1,345.25","1,352.13","1,352.13","1,338.17","6.18M","6.18","0.004","53.59","71.237"
"Oct 11, 2019","1,339.90","1,350.89","1,352.78","1,324.00","7.66M","7.66","-0.0074","54.7","70.924"
"Oct 10, 2019","1,349.95","1,312.56","1,356.15","1,308.60","16.16M","16.16","0.0287","53.55","70.99"
"Oct 09, 2019","1,312.31","1,296.41","1,317.46","1,280.36","8.12M","8.12","0.0112","52.59","71.12"
"Oct 07, 2019","1,297.80","1,295.82","1,308.40","1,289.48","4.64M","4.64","0.0015","52.75","70.975"
"Oct 04, 2019","1,295.82","1,307.51","1,316.12","1,291.61","6.92M","6.92","-0.0022","52.81","70.825"
"Oct 03, 2019","1,298.74","1,273.92","1,302.35","1,269.27","6.24M","6.24","0.0047","52.45","71.03"
"Oct 01, 2019","1,292.65","1,324.45","1,329.40","1,281.16","8.27M","8.27","-0.0205","53.62","71.11"
"Sep 30, 2019","1,319.74","1,297.70","1,323.21","1,293.29","11.66M","11.66","0.0177","54.07","70.645"
"Sep 27, 2019","1,296.76","1,280.36","1,302.65","1,271.94","8.80M","8.80","0.0095","55.91","70.509"
"Sep 26, 2019","1,284.62","1,279.87","1,286.60","1,271.45","8.47M","8.47","0.0135","56.41","70.964"
"Sep 25, 2019","1,267.54","1,271.94","1,282.84","1,256.94","8.40M","8.40","0.0007","56.49","70.988"
"Sep 24, 2019","1,266.69","1,231.92","1,286.60","1,231.08","16.13M","16.13","0.0319","57.29","70.971"
"Sep 23, 2019","1,227.56","1,262.19","1,268.97","1,223.40","9.97M","9.97","-0.0121","58.64","70.799"
"Sep 20, 2019","1,242.57","1,176.80","1,257.98","1,163.27","22.23M","22.23","0.0639","58.09","71.075"
"Sep 19, 2019","1,167.98","1,196.51","1,198.34","1,161.64","6.35M","6.35","-0.0221","58.13","71.375"
"Sep 18, 2019","1,194.38","1,193.64","1,204.88","1,185.96","6.89M","6.89","0.0069","58.11","71.145"
"Sep 17, 2019","1,186.21","1,199.63","1,199.63","1,182.29","7.22M","7.22","-0.011","59.34","71.49"
"Sep 16, 2019","1,199.38","1,177.84","1,207.65","1,174.96","9.48M","9.48","-0.0121","62.9","71.58"
"Sep 13, 2019","1,214.09","1,200.62","1,216.96","1,195.57","5.98M","5.98","0.0126","54.85","70.985"
"Sep 12, 2019","1,198.98","1,223.40","1,228.80","1,194.38","5.48M","5.48","-0.0195","55.09","70.967"
"Sep 11, 2019","1,222.81","1,211.02","1,228.36","1,211.02","5.60M","5.60","0.01","55.75","71.577"
"Sep 09, 2019","1,210.72","1,209.19","1,221.42","1,201.76","5.42M","5.42","-0.0002","57.85","71.778"
"Sep 06, 2019","1,211.02","1,191.70","1,217.46","1,184.03","10.70M","10.70","0.0199","56.52","71.645"
"Sep 05, 2019","1,187.35","1,195.47","1,201.81","1,182.09","10.61M","10.61","-0.0021","56.3","71.928"
"Sep 04, 2019","1,189.87","1,189.28","1,193.93","1,174.91","15.21M","15.21","-0.0044","56.26","71.989"
"Sep 03, 2019","1,195.07","1,230.59","1,231.33","1,188.73","8.64M","8.64","-0.0338","53.94","72.17"
"Aug 30, 2019","1,236.83","1,233.80","1,242.62","1,209.53","11.42M","11.42","0.0055","55.1","71.453"
"Aug 29, 2019","1,230.09","1,244.65","1,248.42","1,223.70","8.72M","8.72","-0.0171","56.71","71.69"
"Aug 28, 2019","1,251.44","1,261.79","1,268.97","1,244.26","5.36M","5.36","-0.0091","55.78","71.829"
"Aug 27, 2019","1,262.88","1,272.93","1,272.93","1,249.36","13.11M","13.11","0.0064","54.93","71.543"
"Aug 26, 2019","1,254.90","1,281.85","1,281.85","1,247.18","8.86M","8.86","-0.0071","53.64","72.025"
"Aug 23, 2019","1,263.87","1,227.37","1,271.94","1,214.98","9.83M","9.83","0.0233","54.17","71.513"
"Aug 22, 2019","1,235.04","1,259.02","1,259.07","1,227.27","6.48M","6.48","-0.019","55.35","71.93"
"Aug 21, 2019","1,259.02","1,263.67","1,266.64","1,254.61","4.93M","4.93","-0.0039","55.68","71.439"
"Aug 20, 2019","1,263.97","1,277.69","1,280.46","1,260.65","6.91M","6.91","-0.0129","56.34","71.549"
"Aug 19, 2019","1,280.46","1,269.02","1,284.62","1,267.98","7.53M","7.53","0.0114","56.21","71.451"
"Aug 16, 2019","1,266.00","1,279.08","1,279.67","1,261.05","10.14M","10.14","-0.008","54.87","71.155"
"Aug 14, 2019","1,276.15","1,291.76","1,292.20","1,268.33","14.62M","14.62","0.0106","55.23","71.275"
"Aug 13, 2019","1,262.78","1,221.57","1,290.57","1,214.49","48.38M","48.38","0.0969","57.1","71.418"
"Aug 09, 2019","1,151.19","1,150.94","1,164.46","1,141.48","10.14M","10.14","0.0085","54.5","70.924"
"Aug 08, 2019","1,141.53","1,097.94","1,147.13","1,085.02","14.40M","14.40","0.0387","52.54","70.42"
"Aug 07, 2019","1,098.98","1,115.92","1,127.86","1,092.74","11.70M","11.70","-0.0168","51.09","71.145"
"Aug 06, 2019","1,117.71","1,124.09","1,138.81","1,111.46","13.41M","13.41","-0.0132","53.63","71.04"
"Aug 05, 2019","1,132.61","1,156.04","1,156.04","1,117.41","14.03M","14.03","-0.0346","54.69","70.821"
"Aug 02, 2019 D","1,173.23","1,164.66","1,187.00","1,151.19","10.97M","10.97","0.0035","55.66","69.7"
"Aug 01, 2019","1,169.17","1,152.48","1,177.04","1,139.55","10.44M","10.44","0.012","53.95","69.017"
"Jul 31, 2019","1,155.30","1,164.71","1,173.87","1,151.49","9.80M","9.80","-0.0124","58.58","68.875"
"Jul 30, 2019","1,169.81","1,202.55","1,208.54","1,164.91","9.62M","9.62","-0.0248","58.05","68.862"
"Jul 29, 2019","1,199.58","1,205.47","1,210.53","1,193.78","8.13M","8.13","-0.0023","56.87","68.755"
"Jul 26, 2019","1,202.40","1,219.94","1,230.83","1,198.64","9.41M","9.41","-0.0144","56.2","68.88"
"Jul 25, 2019","1,219.94","1,252.13","1,257.13","1,215.48","10.06M","10.06","-0.0219","56.02","69.041"
"Jul 24, 2019","1,247.28","1,261.54","1,266.79","1,241.78","7.01M","7.01","-0.0113","55.88","68.98"
"Jul 23, 2019","1,261.59","1,272.93","1,281.75","1,248.56","9.38M","9.38","-0.0054","56.77","69.033"
"Jul 22, 2019","1,268.48","1,239.25","1,272.44","1,215.78","13.43M","13.43","0.0252","56.22","68.93"
"Jul 19, 2019 E","1,237.27","1,256.29","1,261.00","1,231.03","7.54M","7.54","-0.0102","55.63","68.86"
"Jul 18, 2019","1,250.00","1,269.96","1,274.32","1,246.19","5.51M","5.51","-0.0156","55.3","68.855"
"Jul 17, 2019","1,269.81","1,282.15","1,284.82","1,267.98","4.38M","4.38","-0.0086","56.78","68.846"
"Jul 16, 2019","1,280.86","1,267.93","1,282.74","1,265.06","4.65M","4.65","0.0132","57.62","68.65"
"Jul 15, 2019","1,264.12","1,272.93","1,277.39","1,258.42","4.92M","4.92","-0.0034","59.58","68.545"
"Jul 12, 2019","1,268.48","1,270.95","1,287.79","1,266.05","7.24M","7.24","-0.0008","60.21","68.56"
"Jul 11, 2019","1,269.52","1,274.92","1,277.69","1,267.29","3.97M","3.97","0.0021","60.2","68.41"
"Jul 10, 2019","1,266.84","1,268.03","1,277.24","1,256.79","5.55M","5.55","-0.001","60.43","68.419"
"Jul 09, 2019","1,268.08","1,237.22","1,271.45","1,233.80","8.09M","8.09","0.0224","57.83","68.565"
"Jul 08, 2019","1,240.29","1,246.19","1,256.19","1,236.48","6.47M","6.47","-0.0089","57.66","68.566"
"Jul 05, 2019","1,251.49","1,273.03","1,278.38","1,248.17","5.04M","5.04","-0.0161","57.51","68.45"
"Jul 04, 2019","1,271.94","1,269.37","1,278.88","1,267.98","4.32M","4.32","0.0011","56.8","68.527"
"Jul 03, 2019","1,270.51","1,270.85","1,274.42","1,263.08","4.06M","4.06","0.0032","57.34","68.8"
"Jul 02, 2019","1,266.49","1,261.99","1,268.97","1,251.44","4.68M","4.68","0.0076","56.25","68.89"
"Jul 01, 2019","1,256.94","1,246.24","1,260.70","1,234.75","6.22M","6.22","0.0126","59.09","68.885"
"Jun 28, 2019","1,241.33","1,265.11","1,270.80","1,236.93","8.74M","8.74","-0.0165","58.47","68.95"
"Jun 27, 2019","1,262.19","1,281.01","1,284.72","1,259.07","11.49M","11.49","-0.0155","59.43","69.088"
"Jun 26, 2019","1,282.00","1,278.88","1,292.35","1,274.27","5.35M","5.35","-0.0013","59.38","69.245"
"Jun 25, 2019","1,283.68","1,247.08","1,285.81","1,242.47","6.91M","6.91","0.0265","57.83","69.334"
"Jun 24, 2019","1,250.55","1,260.20","1,264.46","1,245.30","5.20M","5.20","-0.0134","57.9","69.273"
"Jun 21, 2019","1,267.49","1,283.78","1,283.83","1,263.57","10.72M","10.72","-0.0133","57.43","69.615"
"Jun 20, 2019","1,284.57","1,267.98","1,287.79","1,266.00","4.96M","4.96","0.0152","56.65","69.52"
"Jun 19, 2019","1,265.36","1,274.82","1,289.77","1,250.74","6.69M","6.69","-0.0028","53.76","69.65"
"Jun 18, 2019","1,268.97","1,266.89","1,275.86","1,257.18","7.75M","7.75","-0.001","53.9","69.61"
"Jun 17, 2019","1,270.26","1,307.61","1,307.61","1,266.49","6.88M","6.88","-0.0268","51.93","69.85"
"Jun 14, 2019","1,305.18","1,309.49","1,312.56","1,297.10","6.90M","6.90","-0.0073","52.51","69.833"
"Jun 13, 2019","1,314.79","1,317.51","1,322.17","1,296.36","7.24M","7.24","-0.0037","52.28","69.53"
"Jun 12, 2019","1,319.64","1,322.17","1,325.83","1,312.56","4.75M","4.75","0.0023","51.14","69.375"
"Jun 11, 2019","1,316.67","1,309.44","1,321.97","1,305.62","5.30M","5.30","0.0076","53.27","69.385"
"Jun 10, 2019","1,306.76","1,308.50","1,314.54","1,297.80","5.43M","5.43","0.0032","53.26","69.535"
"Jun 07, 2019","1,302.55","1,313.50","1,314.79","1,293.34","6.79M","6.79","-0.0094","53.99","69.355"
"Jun 06, 2019","1,314.89","1,349.11","1,349.11","1,308.69","7.74M","7.74","-0.018","52.59","69.165"
"Jun 04, 2019","1,338.96","1,344.70","1,361.35","1,335.44","7.13M","7.13","-0.0063","53.48","69.291"
"Jun 03, 2019","1,347.43","1,322.46","1,354.41","1,308.79","8.56M","8.56","0.0226","53.25","69.171"
"May 31, 2019","1,317.66","1,325.34","1,329.30","1,307.80","11.87M","11.87","0.0003","53.5","69.58"
"May 30, 2019","1,317.26","1,303.89","1,329.40","1,303.89","10.84M","10.84","0.0127","56.59","69.825"
"May 29, 2019","1,300.72","1,308.60","1,320.78","1,291.90","7.18M","7.18","-0.0081","58.81","69.845"
"May 28, 2019","1,311.32","1,307.41","1,322.27","1,301.02","19.66M","19.66","0.01","59.14","69.61"
"May 27, 2019","1,298.34","1,324.54","1,324.94","1,294.73","7.42M","7.42","-0.0196","59.16","69.504"
"May 24, 2019","1,324.30","1,335.34","1,341.09","1,304.14","10.28M","10.28","0.0022","58.63","69.38"
"May 23, 2019","1,321.37","1,359.12","1,378.93","1,312.56","17.89M","17.89","-0.0049","57.91","69.665"
"May 22, 2019","1,327.81","1,333.01","1,346.93","1,322.56","11.39M","11.39","0.0004","61.42","69.65"
"May 21, 2019","1,327.22","1,319.69","1,354.16","1,317.56","14.00M","14.00","0.0105","62.99","69.645"
"May 20, 2019","1,313.45","1,301.27","1,325.14","1,291.26","12.45M","12.45","0.0462","63.1","69.609"
"May 17, 2019","1,255.50","1,255.10","1,264.96","1,240.24","7.97M","7.97","0.0016","62.76","70.28"
"May 16, 2019","1,253.47","1,248.12","1,259.96","1,246.29","6.67M","6.67","0.0067","62.87","70.13"
"May 15, 2019","1,245.10","1,261.05","1,266.00","1,238.86","11.27M","11.27","-0.0028","62.02","70.249"
"May 14, 2019","1,248.61","1,224.89","1,257.43","1,219.94","13.12M","13.12","0.023","61.78","70.332"
"May 13, 2019","1,220.48","1,236.18","1,248.96","1,215.97","8.12M","8.12","-0.0153","61.04","70.57"
"May 10, 2019","1,239.40","1,253.12","1,265.70","1,233.31","11.33M","11.33","-0.0042","61.66","70.015"
"May 09, 2019","1,244.65","1,276.70","1,276.70","1,240.00","19.69M","19.69","-0.0331","61.7","70.2"
"May 08, 2019","1,287.25","1,327.42","1,327.42","1,280.07","14.75M","14.75","-0.0328","62.12","69.72"
"May 07, 2019","1,330.88","1,381.70","1,381.90","1,327.62","8.96M","8.96","-0.0299","61.4","69.645"
"May 06, 2019","1,371.90","1,384.87","1,389.63","1,365.16","7.31M","7.31","-0.017","62.25","69.38"
"May 03, 2019","1,395.62","1,394.73","1,404.19","1,389.48","6.57M","6.57","0.0027","61.94","69.095"
"May 02, 2019","1,391.86","1,378.93","1,400.62","1,369.12","8.76M","8.76","0.0088","61.81","69.41"
"Apr 30, 2019","1,379.72","1,383.29","1,383.29","1,353.97","10.31M","10.31","0","63.91","69.647"
"Apr 26, 2019","1,379.72","1,362.09","1,382.84","1,357.83","6.95M","6.95","0.0149","63.3","69.85"
"Apr 25, 2019","1,359.51","1,376.06","1,399.14","1,349.81","14.06M","14.06","-0.0123","65.21","70.17"
"Apr 24, 2019","1,376.45","1,357.43","1,381.70","1,353.42","7.43M","7.43","0.0188","65.89","69.96"
"Apr 23, 2019","1,351.04","1,335.34","1,360.11","1,333.36","9.14M","9.14","0.0137","66.3","69.77"
"Apr 22, 2019","1,332.72","1,347.23","1,354.16","1,328.71","10.90M","10.90","-0.0293","65.7","69.7"
"Apr 18, 2019 E","1,372.94","1,362.09","1,376.70","1,352.18","18.13M","18.13","0.0314","64","69.395"
"Apr 16, 2019","1,331.13","1,332.37","1,347.23","1,327.42","8.01M","8.01","0.0027","64.05","69.53"
"Apr 15, 2019","1,327.57","1,332.37","1,336.28","1,322.46","4.29M","4.29","-0.0022","63.4","69.395"
"Apr 12, 2019","1,330.49","1,337.32","1,344.16","1,324.10","5.98M","5.98","-0.0027","63.89","69.19"
"Apr 11, 2019","1,334.15","1,320.43","1,340.30","1,316.52","5.80M","5.80","0.0116","63.58","69.02"
"Apr 10, 2019","1,318.90","1,325.39","1,335.34","1,314.04","7.68M","7.68","-0.0023","64.61","69.15"
"Apr 09, 2019","1,321.92","1,316.42","1,328.11","1,308.60","9.59M","9.59","0.0039","63.98","69.28"
"Apr 08, 2019","1,316.77","1,343.27","1,344.75","1,311.27","8.81M","8.81","-0.0182","64.4","69.555"
"Apr 05, 2019","1,341.19","1,348.17","1,351.09","1,330.39","6.79M","6.79","0.0006","63.08","69.17"
"Apr 04, 2019","1,340.34","1,366.05","1,370.71","1,334.60","8.46M","8.46","-0.0161","62.1","68.98"
"Apr 03, 2019","1,362.29","1,379.67","1,389.83","1,359.12","7.92M","7.92","-0.0104","62.46","68.45"
"Apr 02, 2019","1,376.65","1,384.87","1,389.92","1,367.14","8.09M","8.09","-0.0015","62.58","68.92"
"Apr 01, 2019","1,378.78","1,357.14","1,393.59","1,349.76","10.19M","10.19","0.021","61.59","69.205"
"Mar 29, 2019","1,350.45","1,357.19","1,363.92","1,342.38","7.77M","7.77","0.0024","60.14","69.185"
"Mar 28, 2019","1,347.23","1,337.57","1,356.94","1,330.19","10.58M","10.58","0.008","59.3","69.19"
"Mar 27, 2019","1,336.58","1,365.01","1,365.01","1,331.63","10.19M","10.19","-0.0132","59.41","69.1"
"Mar 26, 2019","1,354.41","1,317.81","1,358.72","1,317.51","9.57M","9.57","0.0323","59.94","68.996"
"Mar 25, 2019","1,312.01","1,318.11","1,324.30","1,304.34","8.03M","8.03","-0.0129","58.82","68.89"
"Mar 22, 2019","1,329.15","1,359.61","1,367.93","1,324.15","11.57M","11.57","-0.0245","59.04","69.17"
"Mar 20, 2019","1,362.53","1,364.86","1,374.97","1,351.19","9.99M","9.99","-0.0008","59.83","68.79"
"Mar 19, 2019","1,363.62","1,347.23","1,367.04","1,330.49","9.90M","9.90","0.0196","59.03","69.015"
"Mar 18, 2019","1,337.37","1,318.50","1,345.20","1,316.52","10.20M","10.20","0.0215","59.09","68.625"
"Mar 15, 2019","1,309.24","1,332.37","1,346.04","1,298.89","16.04M","16.04","-0.0148","58.52","68.963"
"Mar 14, 2019","1,328.95","1,337.08","1,349.21","1,323.55","10.50M","10.50","-0.0043","58.61","69.365"
"Mar 13, 2019","1,334.65","1,324.45","1,347.23","1,315.63","11.34M","11.34","0.012","58.26","69.529"
"Mar 12, 2019","1,318.85","1,304.53","1,321.47","1,301.91","11.34M","11.34","0.0209","56.87","69.625"
"Mar 11, 2019","1,291.85","1,258.12","1,299.68","1,256.09","9.81M","9.81","0.0292","56.79","69.85"
"Mar 08, 2019","1,255.20","1,254.16","1,262.48","1,250.15","6.10M","6.10","-0.0025","56.07","70.012"
"Mar 07, 2019","1,258.32","1,252.13","1,267.78","1,246.34","8.19M","8.19","0.0043","56.66","70.116"
"Mar 06, 2019","1,252.92","1,228.16","1,261.15","1,223.50","12.15M","12.15","0.0219","56.22","70.08"
"Mar 05, 2019","1,226.03","1,211.91","1,228.16","1,207.16","7.19M","7.19","0.0095","56.56","70.49"
"Mar 01, 2019","1,214.54","1,225.38","1,230.68","1,210.77","8.00M","8.00","-0.0041","55.8","71"
"Feb 28, 2019","1,219.49","1,222.17","1,228.21","1,215.03","11.39M","11.39","0.0062","57.22","70.84"
"Feb 27, 2019","1,212.01","1,216.52","1,233.21","1,197.65","11.22M","11.22","0.0027","56.94","71.2"
"Feb 26, 2019","1,208.79","1,198.14","1,223.21","1,194.68","10.23M","10.23","-0.0098","55.5","70.96"
"Feb 25, 2019","1,220.73","1,224.39","1,231.33","1,209.19","7.93M","7.93","0","55.48","70.834"
"Feb 22, 2019","1,220.78","1,232.91","1,233.61","1,214.49","8.84M","8.84","-0.0117","57.26","71.035"
"Feb 21, 2019","1,235.19","1,224.39","1,245.99","1,217.81","10.68M","10.68","0.0102","56.96","71.165"
"Feb 20, 2019","1,222.76","1,212.36","1,228.36","1,207.55","6.36M","6.36","0.015","56.92","71.01"
"Feb 19, 2019","1,204.68","1,206.56","1,228.06","1,199.83","6.30M","6.30","-0.0033","56.09","71.3"
"Feb 18, 2019","1,208.64","1,238.26","1,240.74","1,203.59","9.74M","9.74","-0.0196","56.27","71.387"
"Feb 15, 2019","1,232.76","1,218.20","1,238.16","1,202.60","9.69M","9.69","0.0165","55.59","71.33"
"Feb 14, 2019","1,212.70","1,229.35","1,229.35","1,206.56","6.69M","6.69","-0.0175","54.41","71.02"
"Feb 13, 2019","1,234.25","1,249.16","1,261.99","1,224.15","7.03M","7.03","-0.0083","53.9","70.875"
"Feb 12, 2019","1,244.60","1,239.75","1,260.40","1,239.75","6.46M","6.46","0.0025","53.1","70.535"
"Feb 11, 2019","1,241.48","1,263.92","1,264.02","1,239.25","7.60M","7.60","-0.0191","52.41","71.14"
"Feb 08, 2019","1,265.70","1,272.74","1,288.29","1,260.30","6.57M","6.57","-0.0098","52.72","71.175"
"Feb 07, 2019","1,278.28","1,297.95","1,308.79","1,274.02","9.30M","9.30","-0.0152","52.64","71.3"
"Feb 06, 2019","1,297.95","1,284.08","1,305.28","1,282.10","9.50M","9.50","0.0145","54.01","71.55"
"Feb 05, 2019","1,279.42","1,279.87","1,292.15","1,266.59","9.45M","9.45","0.0005","53.66","71.53"
"Feb 04, 2019","1,278.78","1,235.29","1,284.77","1,230.39","11.78M","11.78","0.0328","54.56","71.71"
"Feb 01, 2019","1,238.21","1,222.41","1,243.22","1,215.53","9.32M","9.32","0.0186","55.26","71.435"
"Jan 31, 2019","1,215.63","1,190.71","1,218.15","1,189.72","10.28M","10.28","0.0263","53.79","70.96"
"Jan 30, 2019","1,184.47","1,203.59","1,213.50","1,179.92","7.92M","7.92","-0.0123","54.23","71.235"
"Jan 29, 2019","1,199.28","1,219.44","1,220.08","1,190.07","9.42M","9.42","-0.0154","53.31","71.39"
"Jan 28, 2019","1,218.00","1,238.76","1,244.16","1,210.92","8.65M","8.65","-0.0132","51.99","71.07"
"Jan 25, 2019","1,234.30","1,238.71","1,252.82","1,223.80","8.63M","8.63","-0.0012","53.69","70.9"
"Jan 24, 2019","1,235.74","1,213.50","1,241.43","1,208.64","13.28M","13.28","0.0172","53.13","71"
"Jan 23, 2019","1,214.79","1,221.72","1,232.52","1,210.53","8.91M","8.91","-0.0072","52.62","71.19"
"Jan 22, 2019","1,223.55","1,221.27","1,235.24","1,208.15","16.71M","16.71","-0.0021","52.57","71.26"
"Jan 21, 2019","1,226.08","1,182.79","1,228.31","1,177.49","22.25M","22.25","0.045","54.24","71.188"
"Jan 18, 2019","1,173.23","1,138.01","1,178.73","1,124.59","25.93M","25.93","0.044","53.8","71.21"
"Jan 17, 2019 E","1,123.80","1,133.70","1,137.12","1,119.39","7.56M","7.56","-0.0013","52.07","71.05"
"Jan 16, 2019","1,125.23","1,124.34","1,134.25","1,119.74","6.44M","6.44","0.0055","52.31","70.98"
"Jan 15, 2019","1,119.04","1,094.62","1,121.37","1,094.62","10.16M","10.16","0.0299","52.11","71.1"
"Jan 14, 2019","1,086.50","1,084.72","1,090.17","1,076.20","4.15M","4.15","-0.0011","50.51","70.76"
"Jan 11, 2019","1,087.74","1,097.20","1,103.34","1,078.38","6.53M","6.53","-0.0085","51.59","70.399"
"Jan 10, 2019","1,097.10","1,097.35","1,100.57","1,092.64","4.12M","4.12","-0.0029","52.59","70.42"
"Jan 09, 2019","1,100.32","1,101.56","1,106.51","1,088.38","5.82M","5.82","0.0055","52.36","70.56"
"Jan 08, 2019","1,094.28","1,094.72","1,099.53","1,085.71","5.68M","5.68","-0.0001","49.78","70.14"
"Jan 07, 2019","1,094.38","1,096.61","1,107.95","1,090.66","5.57M","5.57","0.0056","48.52","69.803"
"Jan 04, 2019","1,088.33","1,087.10","1,094.08","1,070.95","8.55M","8.55","0.0054","47.96","69.55"
"Jan 03, 2019","1,082.49","1,097.10","1,104.13","1,079.86","7.52M","7.52","-0.0123","47.09","70.11"
"Jan 02, 2019","1,096.01","1,104.03","1,116.42","1,090.66","7.21M","7.21","-0.013","46.54","70"
"Jan 01, 2019","1,110.47","1,114.68","1,116.71","1,099.68","4.50M","4.50","-0.0002","45.89","69.453"
"Dec 31, 2018","1,110.72","1,120.33","1,123.20","1,105.72","7.29M","7.29","-0.0038","45.41","69.57"
"Dec 28, 2018","1,114.98","1,114.93","1,124.59","1,110.67","7.74M","7.74","0.0048","45.33","69.933"
"Dec 27, 2018","1,109.68","1,096.80","1,116.42","1,093.63","12.60M","12.60","0.0199","44.61","70.361"
"Dec 26, 2018","1,088.04","1,075.60","1,089.67","1,055.64","7.28M","7.28","0.0085","46.22","70.07"
"Dec 24, 2018","1,078.92","1,090.56","1,092.84","1,076.35","4.18M","4.18","-0.01","42.53","70.105"
"Dec 21, 2018","1,089.87","1,114.44","1,120.63","1,085.71","8.36M","8.36","-0.025","45.59","70.14"
"Dec 20, 2018","1,117.85","1,110.47","1,121.87","1,105.67","5.82M","5.82","-0.0074","45.88","69.98"
"Dec 19, 2018","1,126.13","1,130.78","1,136.53","1,122.56","7.44M","7.44","0.0004","47.2","70.279"
"Dec 18, 2018","1,125.73","1,112.75","1,128.30","1,109.98","5.93M","5.93","0.0058","46.24","70.62"
"Dec 17, 2018","1,119.29","1,105.47","1,122.36","1,101.06","5.11M","5.11","0.0159","49.88","71.61"
"Dec 14, 2018","1,101.76","1,092.74","1,104.43","1,081.55","7.29M","7.29","0.0047","51.2","71.92"
"Dec 13, 2018","1,096.65","1,117.41","1,117.41","1,084.77","9.39M","9.39","-0.0031","52.58","71.53"
"Dec 12, 2018","1,100.07","1,088.68","1,103.04","1,077.54","12.72M","12.72","0.0118","51.15","71.84"
"Dec 11, 2018","1,087.24","1,055.99","1,091.75","1,045.09","13.62M","13.62","0.0067","51.65","72.291"
"Dec 10, 2018","1,080.01","1,099.58","1,103.84","1,072.93","9.47M","9.47","-0.0384","51","72.52"
"Dec 07, 2018","1,123.15","1,118.84","1,126.27","1,097.94","7.28M","7.28","0.009","52.61","70.86"
"Dec 06, 2018","1,113.10","1,138.21","1,138.21","1,107.75","5.92M","5.92","-0.0273","51.49","70.85"
"Dec 05, 2018","1,144.30","1,133.01","1,147.92","1,128.60","5.87M","5.87","0.0025","52.89","70.56"
"Dec 04, 2018","1,141.48","1,147.13","1,147.13","1,131.47","5.24M","5.24","-0.0036","53.25","70.53"
"Dec 03, 2018","1,145.59","1,163.87","1,163.87","1,137.72","5.62M","5.62","-0.0095","52.95","70.44"
"Nov 30, 2018","1,156.59","1,161.29","1,174.86","1,151.39","10.82M","10.82","-0.0008","50.93","69.65"
"Nov 29, 2018","1,157.53","1,150.10","1,168.82","1,149.11","12.76M","12.76","0.0137","51.45","69.78"
"Nov 28, 2018","1,141.83","1,121.82","1,146.88","1,115.72","8.08M","8.08","0.0217","50.29","70.64"
"Nov 27, 2018","1,117.61","1,097.50","1,119.39","1,095.07","6.87M","6.87","0.0166","51.56","70.785"
"Nov 26, 2018","1,099.33","1,098.59","1,107.01","1,087.10","6.45M","6.45","0.0063","51.63","70.82"
"Nov 22, 2018","1,092.49","1,104.03","1,114.78","1,089.77","5.85M","5.85","-0.009","54.02","70.69"
"Nov 21, 2018","1,102.45","1,126.82","1,134.74","1,096.65","7.58M","7.58","-0.0215","54.63","71.305"
"Nov 20, 2018","1,126.72","1,134.25","1,145.05","1,119.39","5.77M","5.77","-0.011","53.43","71.43"
"Nov 19, 2018","1,139.20","1,122.26","1,140.89","1,120.38","7.38M","7.38","0.02","56.76","71.61"
"Nov 16, 2018","1,116.81","1,087.64","1,119.34","1,086.80","11.14M","11.14","0.0278","56.46","71.98"
"Nov 15, 2018","1,086.55","1,086.65","1,092.64","1,076.30","6.90M","6.90","-0.001","56.46","71.915"
"Nov 14, 2018","1,087.64","1,094.67","1,102.20","1,075.31","7.86M","7.86","-0.0014","56.25","72.31"
"Nov 13, 2018","1,089.13","1,063.92","1,092.64","1,060.00","6.88M","6.88","0.018","55.69","72.615"
"Nov 12, 2018","1,069.86","1,087.39","1,088.48","1,064.46","5.86M","5.86","-0.0123","59.93","72.86"
"Nov 09, 2018","1,083.18","1,095.86","1,103.34","1,074.81","10.94M","10.94","-0.0155","60.19","72.48"
"Nov 07, 2018","1,100.27","1,104.53","1,104.53","1,096.31","1.30M","1.30","0.006","61.67","72.45"
"Nov 06, 2018","1,093.73","1,083.73","1,101.56","1,081.35","8.72M","8.72","0.0127","62.21","72.955"
"Nov 05, 2018","1,080.06","1,063.37","1,082.44","1,055.00","7.65M","7.65","0.0143","63.1","73.08"
"Nov 02, 2018","1,064.81","1,056.98","1,070.85","1,053.17","16.96M","16.96","0.0177","63.14","72.44"
"Nov 01, 2018","1,046.33","1,057.87","1,057.87","1,040.14","9.49M","9.49","-0.0047","63.69","73.455"
"Oct 31, 2018","1,051.28","1,049.06","1,055.84","1,037.17","16.61M","16.61","0.004","65.31","73.96"
"Oct 30, 2018","1,047.07","1,075.31","1,075.31","1,042.22","8.89M","8.89","-0.0283","66.18","73.68"
"Oct 29, 2018","1,077.59","1,036.18","1,083.58","1,036.18","7.74M","7.74","0.0411","67.04","73.4"
"Oct 26, 2018","1,035.09","1,023.20","1,047.07","1,012.40","9.27M","9.27","0.0137","67.59","73.46"
"Oct 25, 2018","1,021.12","1,026.27","1,030.88","1,006.86","14.23M","14.23","-0.0143","67.33","73.23"
"Oct 24, 2018","1,035.93","1,064.81","1,065.85","1,021.72","13.78M","13.78","-0.0085","66.82","73.23"
"Oct 23, 2018","1,044.80","1,042.86","1,054.70","1,033.85","10.67M","10.67","-0.0075","66.43","73.55"
"Oct 22, 2018","1,052.67","1,099.58","1,104.33","1,047.42","13.29M","13.29","-0.0351","69.17","73.56"
"Oct 19, 2018","1,090.96","1,089.67","1,100.57","1,060.20","25.66M","25.66","-0.0434","69.12","73.375"
"Oct 17, 2018 E","1,140.49","1,167.93","1,168.28","1,129.30","12.91M","12.91","-0.0107","69.75","73.6"
"Oct 16, 2018","1,152.87","1,135.24","1,156.44","1,129.30","7.55M","7.55","0.0211","71.92","73.465"
"Oct 15, 2018","1,129.05","1,119.29","1,136.13","1,107.65","8.96M","8.96","0.0117","71.78","73.77"
"Oct 12, 2018","1,115.97","1,094.57","1,118.40","1,091.55","9.14M","9.14","0.0356","71.34","73.61"
"Oct 11, 2018","1,077.59","1,054.01","1,104.28","1,033.21","13.35M","13.35","-0.013","70.97","74.05"
"Oct 10, 2018","1,091.75","1,083.63","1,105.37","1,074.12","9.59M","9.59","0.0111","73.17","74.25"
"Oct 09, 2018","1,079.81","1,111.12","1,112.75","1,071.05","11.10M","11.10","-0.0174","74.96","74.34"
"Oct 08, 2018","1,098.98","1,040.14","1,106.51","1,015.92","24.91M","24.91","0.0577","74.29","74.065"
"Oct 05, 2018","1,039.00","1,089.18","1,104.83","1,028.40","22.15M","22.15","-0.0654","74.34","73.77"
"Oct 04, 2018","1,111.71","1,178.33","1,179.22","1,095.61","23.43M","23.43","-0.0687","74.33","73.63"
"Oct 03, 2018","1,193.78","1,217.95","1,227.96","1,188.78","7.45M","7.45","-0.0216","76.41","73.345"
"Oct 01, 2018","1,220.13","1,245.89","1,245.89","1,192.69","7.40M","7.40","-0.0209","75.3","72.925"
"Sep 28, 2018","1,246.14","1,248.07","1,259.76","1,235.59","11.18M","11.18","0.0033","73.25","72.51"
"Sep 27, 2018","1,241.98","1,243.22","1,251.14","1,225.88","10.91M","10.91","0.0019","72.12","72.57"
"Sep 26, 2018","1,239.65","1,227.37","1,242.18","1,215.63","6.46M","6.46","0.0169","71.57","72.6"
"Sep 25, 2018","1,219.04","1,223.90","1,233.31","1,183.78","9.81M","9.81","-0.0012","72.28","72.685"
"Sep 24, 2018","1,220.48","1,203.05","1,228.26","1,193.19","10.20M","10.20","0.0119","72.08","72.67"
"Sep 21, 2018","1,206.07","1,207.55","1,225.78","1,172.39","19.25M","19.25","0.0056","70.78","72.24"
"Sep 19, 2018","1,199.38","1,212.51","1,212.51","1,189.72","11.37M","11.37","-0.0053","71.12","72.36"
"Sep 18, 2018","1,205.72","1,214.49","1,227.76","1,202.95","7.69M","7.69","-0.0071","69.85","72.71"
"Sep 17, 2018","1,214.39","1,239.01","1,239.01","1,210.13","6.82M","6.82","-0.0217","68.91","72.54"
"Sep 14, 2018","1,241.38","1,247.57","1,263.62","1,235.93","7.95M","7.95","0.0005","68.99","71.88"
"Sep 12, 2018","1,240.74","1,240.05","1,246.88","1,217.31","8.14M","8.14","0.012","70.37","72.16"
"Sep 11, 2018","1,226.08","1,247.18","1,256.49","1,222.66","10.98M","10.98","-0.0145","69.25","72.64"
"Sep 10, 2018","1,244.06","1,263.03","1,265.01","1,238.36","7.13M","7.13","-0.0178","67.54","72.455"
"Sep 07, 2018","1,266.59","1,253.02","1,269.32","1,242.72","10.79M","10.79","0.0136","67.75","71.79"
"Sep 06, 2018","1,249.56","1,218.60","1,253.82","1,213.84","11.30M","11.30","0.028","67.77","71.95"
"Sep 05, 2018","1,215.48","1,230.83","1,240.89","1,197.15","10.42M","10.42","-0.012","68.72","71.755"
"Sep 04, 2018","1,230.29","1,223.55","1,243.02","1,217.46","8.92M","8.92","0.0104","69.87","71.585"
"Sep 03, 2018","1,217.61","1,233.31","1,246.09","1,214.54","12.32M","12.32","-0.0101","70.12","71.215"
"Aug 31, 2018","1,229.99","1,258.07","1,258.07","1,224.99","15.45M","15.45","-0.0257","69.8","71.005"
"Aug 30, 2018","1,262.48","1,281.45","1,284.97","1,258.52","9.94M","9.94","-0.0153","70.25","70.745"
"Aug 29, 2018","1,282.05","1,303.94","1,316.52","1,278.09","11.18M","11.18","-0.0188","69.51","70.535"
"Aug 28, 2018","1,306.61","1,283.83","1,310.58","1,282.84","8.78M","8.78","0.0213","68.53","70.1"
"Aug 27, 2018","1,279.37","1,267.39","1,283.68","1,266.74","5.62M","5.62","0.011","68.87","70.165"
"Aug 24, 2018","1,265.50","1,253.37","1,267.93","1,248.22","6.72M","6.72","0.0063","68.72","69.97"
"Aug 23, 2018","1,257.53","1,234.60","1,262.04","1,226.77","8.04M","8.04","0.0178","67.83","70.105"
"Aug 21, 2018","1,235.49","1,225.63","1,239.75","1,215.48","7.35M","7.35","0.01","67.35","69.86"
"Aug 20, 2018","1,223.30","1,196.56","1,225.19","1,196.31","7.68M","7.68","0.0259","66.43","69.82"
"Aug 17, 2018","1,192.45","1,197.65","1,203.99","1,188.78","3.87M","3.87","0.0025","65.91","70.1"
"Aug 16, 2018","1,189.52","1,191.95","1,204.58","1,184.27","6.04M","6.04","-0.0081","65.46","70.09"
"Aug 14, 2018","1,199.23","1,178.83","1,205.77","1,173.18","5.35M","5.35","0.0193","67.04","69.96"
"Aug 13, 2018","1,176.55","1,186.31","1,188.68","1,171.59","4.71M","4.71","-0.0137","67.2","70.02"
"Aug 10, 2018","1,192.89","1,199.63","1,203.59","1,191.01","3.62M","3.62","-0.0113","67.63","68.89"
"Aug 09, 2018","1,206.51","1,210.03","1,220.13","1,200.62","6.91M","6.91","0.0002","66.81","68.76"
"Aug 08, 2018","1,206.27","1,173.87","1,211.02","1,173.87","7.99M","7.99","0.0283","66.94","68.66"
"Aug 07, 2018","1,173.08","1,183.68","1,190.12","1,165.95","4.10M","4.10","-0.007","69.17","68.63"
"Aug 06, 2018","1,181.40","1,165.65","1,184.77","1,164.31","4.05M","4.05","0.0133","69.01","68.83"
"Aug 03, 2018","1,165.90","1,163.97","1,172.39","1,158.57","6.71M","6.71","0.0074","68.49","68.545"
"Aug 02, 2018","1,157.38","1,180.31","1,180.31","1,155.00","6.31M","6.31","-0.0201","68.96","68.625"
"Aug 01, 2018","1,181.15","1,179.22","1,191.60","1,174.27","9.80M","9.80","0.0054","67.66","68.35"
"Jul 31, 2018","1,174.86","1,140.19","1,179.22","1,136.38","14.01M","14.01","0.03","68.76","68.46"
"Jul 30, 2018","1,140.59","1,119.39","1,146.43","1,117.41","14.00M","14.00","0.0191","70.13","68.605"
"Jul 27, 2018 E","1,119.24","1,108.99","1,126.72","1,101.71","6.74M","6.74","0.0173","68.69","68.605"
"Jul 26, 2018","1,100.22","1,099.68","1,110.97","1,097.40","6.49M","6.49","-0.004","69.61","68.66"
"Jul 25, 2018","1,104.68","1,099.58","1,112.46","1,093.83","6.01M","6.01","0.0038","69.3","68.73"
"Jul 24, 2018","1,100.52","1,111.46","1,116.17","1,097.00","4.51M","4.51","-0.0083","68.52","68.947"
"Jul 23, 2018","1,109.78","1,119.19","1,119.19","1,102.65","5.90M","5.90","-0.0074","67.89","68.845"
"Jul 20, 2018","1,118.05","1,102.95","1,127.81","1,101.46","8.09M","8.09","0.0215","70.46","68.74"
"Jul 19, 2018","1,094.48","1,083.03","1,104.53","1,076.15","5.49M","5.49","0.0113","69.46","69.02"
"Jul 18, 2018","1,082.29","1,088.09","1,094.23","1,067.18","4.73M","4.73","0.0002","68.76","68.625"
"Jul 17, 2018","1,082.09","1,068.17","1,085.66","1,059.56","6.53M","6.53","0.015","68.08","68.43"
"Jul 16, 2018","1,066.09","1,089.47","1,098.49","1,062.97","6.66M","6.66","-0.0215","68.06","68.55"
"Jul 13, 2018","1,089.47","1,070.35","1,098.59","1,069.86","18.14M","18.14","0.0161","71.01","68.5"
"Jul 12, 2018","1,072.19","1,034.54","1,088.68","1,032.81","24.34M","24.34","0.0419","70.33","68.52"
"Jul 11, 2018","1,029.05","1,015.38","1,031.13","1,008.29","8.75M","8.75","0.0128","70.38","68.73"
"Jul 10, 2018","1,016.07","993.33","1,018.84","990.61","10.54M","10.54","0.0287","74.11","68.755"
"Jul 09, 2018","987.74","977.83","990.61","974.26","5.22M","5.22","0.02","73.85","68.66"
"Jul 06, 2018","968.37","955.69","973.77","955.44","9.25M","9.25","0.0135","73.8","68.805"
"Jul 05, 2018","955.44","987.64","998.93","949.6","18.90M","18.90","-0.0259","72.94","68.88"
"Jul 04, 2018","980.8","962.67","982.69","961.88","5.05M","5.05","0.0194","74.13","68.69"
"Jul 03, 2018","962.18","955.94","969.26","951.33","5.12M","5.12","0.0111","74.14","68.55"
"Jul 02, 2018","951.58","963.22","963.22","948.01","6.72M","6.72","-0.0122","73.94","68.72"
"Jun 29, 2018","963.32","940.19","966.34","940.09","8.04M","8.04","0.0291","74.15","68.46"
"Jun 28, 2018","936.08","952.97","959.41","931.47","8.66M","8.66","-0.0216","73.45","68.84"
"Jun 27, 2018 D","956.78","969.31","976.15","953.66","9.04M","9.04","-0.0134","72.76","68.64"
"Jun 26, 2018","969.76","996.55","996.55","966.09","8.15M","8.15","-0.0254","70.53","68.37"
"Jun 25, 2018","995.02","1,001.90","1,006.96","992.89","5.25M","5.25","-0.0079","68.08","68.115"
"Jun 22, 2018","1,002.99","1,018.74","1,019.54","998.98","16.32M","16.32","-0.0189","68.58","67.87"
"Jun 21, 2018","1,022.26","1,013.84","1,026.27","1,011.71","10.61M","10.61","0.0125","65.54","67.945"
"Jun 20, 2018","1,009.68","986.65","1,013.29","985.51","7.26M","7.26","0.0233","66.22","68.06"
"Jun 19, 2018","986.7","1,004.38","1,005.27","984.32","6.41M","6.41","-0.0192","65.07","68.31"
"Jun 18, 2018","1,006.01","999.33","1,010.87","997.54","5.71M","5.71","0.0013","65.85","68.04"
"Jun 15, 2018","1,004.68","996.55","1,013.89","989.87","11.40M","11.40","0.0062","65.06","68.06"
"Jun 14, 2018","998.49","988.08","1,002.30","978.13","5.54M","5.54","0.0054","66.89","67.69"
"Jun 13, 2018","993.09","990.61","996.45","980.21","5.98M","5.98","0.0054","66.64","67.645"
"Jun 12, 2018","987.79","974.17","990.61","971.09","7.52M","7.52","0.0148","66.36","67.48"
"Jun 11, 2018","973.42","977.83","990.56","969.86","6.93M","6.93","-0.0017","66.1","67.47"
"Jun 08, 2018","975.11","957.28","977.29","951.58","6.59M","6.59","0.0134","65.74","67.53"
"Jun 07, 2018","962.23","945.93","966.84","945.49","6.92M","6.92","0.0178","65.95","67.42"
"Jun 06, 2018","945.44","938.11","947.02","933.8","4.23M","4.23","0.0071","64.73","66.84"
"Jun 05, 2018","938.75","933.95","946.03","932.16","8.05M","8.05","0.0072","65.52","67.1"
"Jun 04, 2018","932.02","924.64","935.14","921.81","5.65M","5.65","0.0111","64.75","67.07"
"Jun 01, 2018","921.81","911.36","926.96","909.83","8.85M","8.85","0.01","65.81","66.995"
"May 31, 2018","912.7","912.35","913.64","905.96","17.11M","17.11","0.0057","67.04","67.43"
"May 30, 2018","907.5","906.26","914.53","898.09","6.05M","6.05","-0.0015","68.21","67.44"
"May 29, 2018","908.84","912.85","919.29","905.81","8.25M","8.25","-0.0032","66.73","67.84"
"May 28, 2018","911.76","916.22","918.3","909.48","5.25M","5.25","-0.0004","67.05","67.4"
"May 25, 2018","912.15","907.4","914.73","905.86","8.21M","8.21","0.0054","67.88","67.73"
"May 24, 2018","907.25","905.42","912.35","901.6","5.37M","5.37","0.004","70.71","68.34"
"May 23, 2018","903.68","917.3","917.3","900.61","4.61M","4.61","-0.0157","71.84","68.37"
"May 22, 2018","918.05","924.39","925.23","916.31","5.22M","5.22","-0.0049","72.13","68.02"
"May 21, 2018","922.6","922.01","926.91","913.44","6.69M","6.69","-0.0027","72.24","68.115"
"May 18, 2018","925.08","936.72","944.55","923.25","5.28M","5.28","-0.0122","71.28","67.99"
"May 17, 2018","936.47","950.34","950.99","932.66","4.78M","4.78","-0.0113","71.49","67.765"
"May 16, 2018","947.17","964.85","964.85","943.51","8.70M","8.70","-0.0233","71.49","67.775"
"May 15, 2018","969.76","973.82","990.61","967.48","4.85M","4.85","-0.0078","71.31","68.08"
"May 14, 2018","977.34","982.64","982.64","967.53","2.60M","2.60","-0.0027","70.96","67.56"
"May 11, 2018","979.96","972.04","981.99","968.57","4.05M","4.05","0.0083","70.7","67.36"
"May 10, 2018","971.94","970.8","975.35","965.1","4.05M","4.05","0.0046","71.36","67.245"
"May 09, 2018","967.53","956.83","975.06","953.21","4.54M","4.54","0.0099","71.14","67.35"
"May 08, 2018","958.02","968.32","972.78","956.14","4.98M","4.98","-0.004","69.06","67.13"
"May 07, 2018","961.88","949.85","964.11","947.37","3.55M","3.55","0.0179","70.73","67.14"
"May 04, 2018","944.99","953.81","955.64","941.08","3.83M","3.83","-0.008","69.72","66.82"
"May 03, 2018","952.57","968.72","968.72","950.24","3.98M","3.98","-0.0114","68.43","66.67"
"May 02, 2018","963.57","957.92","970.01","955.99","6.18M","6.18","0.0098","67.93","66.69"
"Apr 30, 2018","954.25","972.78","983.28","950.99","8.96M","8.96","-0.0331","68.57","66.46"
"Apr 27, 2018 E","986.94","980.51","1,001.51","976.25","11.78M","11.78","0.0215","68.1","66.62"
"Apr 26, 2018","966.19","963.86","978.72","953.21","15.74M","15.74","0.005","68.19","66.805"
"Apr 25, 2018","961.39","964.51","972.58","954.5","6.50M","6.50","0.0005","68.05","66.92"
"Apr 24, 2018","960.94","927.01","966.54","926.22","9.19M","9.19","0.0364","67.7","66.41"
"Apr 23, 2018","927.21","921.27","935.48","919.78","3.54M","3.54","0.0087","68.64","66.53"
"Apr 20, 2018","919.19","929.19","933.01","912.55","3.38M","3.38","-0.0153","68.38","66.21"
"Apr 19, 2018","933.45","930.28","936.13","926.22","4.52M","4.52","0.0046","68.29","65.87"
"Apr 18, 2018","929.19","936.37","939.3","926.27","3.40M","3.40","-0.0066","68.47","65.72"
"Apr 17, 2018","935.38","931.17","938.31","927.21","4.43M","4.43","0.0077","66.52","65.68"
"Apr 16, 2018","928.25","925.68","931.17","919.78","4.12M","4.12","-0.0019","66.22","65.47"
"Apr 13, 2018","930.03","923.94","932.86","919.98","5.82M","5.82","0.0109","67.39","65.255"
"Apr 12, 2018","919.98","921.12","927.85","915.52","4.99M","4.99","-0.0023","67.07","65.29"
"Apr 11, 2018","922.11","913.14","923.99","907.45","6.06M","6.06","0.015","66.82","65.26"
"Apr 10, 2018","908.44","909.78","915.22","905.57","3.90M","3.90","0.0011","65.51","64.95"
"Apr 09, 2018","907.4","903.98","910.37","903.98","3.61M","3.61","0.0055","63.42","64.955"
"Apr 06, 2018","902.45","899.47","909.88","896.5","4.46M","4.46","0.0031","62.06","64.93"
"Apr 05, 2018","899.67","896.6","901.46","895.02","3.94M","3.94","0.0149","63.54","64.89"
"Apr 04, 2018","886.5","896.2","903.24","883.67","6.56M","6.56","-0.0052","63.37","65.045"
"Apr 03, 2018","891.1","882.63","893.23","876.94","6.43M","6.43","0.0074","63.51","65"
"Apr 02, 2018","884.57","884.61","892.49","878.18","5.77M","5.77","0.0116","63.01","65.13"
"Mar 28, 2018","874.41","887.39","887.44","871.74","8.84M","8.84","-0.019","64.38","65.16"
"Mar 27, 2018","891.35","898.68","902.2","888.58","7.01M","7.01","-0.0014","65.25","64.945"
"Mar 26, 2018","892.64","885.56","895.81","884.12","6.10M","6.10","0.0081","65.55","64.825"
"Mar 23, 2018","885.51","882.24","891.55","880.75","10.83M","10.83","-0.0157","65.88","64.99"
"Mar 22, 2018","899.62","887.59","903.39","887.34","10.21M","10.21","0.0125","64.3","65.105"
"Mar 21, 2018","888.48","886.45","893.88","884.91","6.79M","6.79","0.008","65.17","65.18"
"Mar 20, 2018","881.44","884.91","895.51","878.72","7.01M","7.01","-0.0064","63.4","65.21"
"Mar 19, 2018","887.09","892.54","898.38","883.62","5.83M","5.83","-0.0051","62.06","65.22"
"Mar 16, 2018","891.6","900.46","901.16","877.73","14.22M","14.22","-0.0129","62.34","64.99"
"Mar 15, 2018","903.24","916.31","920.72","901.46","5.87M","5.87","-0.0186","61.19","64.99"
"Mar 14, 2018","920.33","920.08","923.3","910.57","6.80M","6.80","-0.003","60.96","64.84"
"Mar 13, 2018","923.1","923.15","927.21","912.7","5.15M","5.15","0.0017","60.71","64.855"
"Mar 12, 2018","921.56","911.36","924.34","908.93","3.84M","3.84","0.0188","61.36","64.985"
"Mar 09, 2018","904.53","906.31","910.72","902.5","4.91M","4.91","0.0018","62.04","65.125"
"Mar 08, 2018","902.89","889.22","905.91","884.91","6.13M","6.13","0.0244","60.12","65.105"
"Mar 07, 2018","881.4","900.71","900.71","879.71","7.32M","7.32","-0.0232","61.15","64.88"
"Mar 06, 2018","902.3","920.28","927.41","896.6","7.39M","7.39","-0.0143","62.6","64.905"
"Mar 05, 2018","915.42","934.15","941.23","912.95","5.69M","5.69","-0.0256","62.57","65.025"
"Mar 01, 2018","939.49","940.83","950.89","937.07","4.13M","4.13","-0.0065","60.99","65.23"
"Feb 28, 2018","945.59","937.07","948.11","934.34","26.14M","26.14","0.0043","61.64","65.21"
"Feb 27, 2018","941.57","930.18","946.83","929.54","6.47M","6.47","0.0126","63.01","64.92"
"Feb 26, 2018","929.89","930.18","936.03","927.81","3.89M","3.89","0.0048","63.91","64.77"
"Feb 23, 2018","925.48","916.71","929.19","914.09","4.90M","4.90","0.0107","63.55","64.71"
"Feb 22, 2018","915.67","913.34","922.26","911.36","5.17M","5.17","-0.0054","62.77","64.975"
"Feb 21, 2018","920.62","921.27","923.74","913.49","5.50M","5.50","0.009","61.68","64.805"
"Feb 20, 2018","912.45","920.28","920.82","910.17","3.90M","3.90","-0.0064","61.9","64.86"
"Feb 19, 2018","918.3","912.35","923.25","904.97","4.13M","4.13","0.0062","62.38","64.25"
"Feb 16, 2018","912.65","930.78","933.75","909.48","4.44M","4.44","-0.0153","61.68","64.215"
"Feb 15, 2018","926.86","928.85","936.87","919.43","6.17M","6.17","0.0021","61.34","63.9"
"Feb 14, 2018","924.88","914.33","933.65","912.35","10.27M","10.27","0.0198","60.6","64.1"
"Feb 12, 2018","906.9","894.52","909.58","893.58","5.48M","5.48","0.0197","59.29","64.28"
"Feb 09, 2018","889.42","880.65","893.53","877.68","5.34M","5.34","-0.0074","59.2","64.375"
"Feb 08, 2018","896.06","889.47","902.1","883.97","6.38M","6.38","0.0114","61.15","64.3"
"Feb 07, 2018","886","894.08","896.9","881.64","7.17M","7.17","0.0026","61.79","64.28"
"Feb 06, 2018","883.72","868.76","889.57","862.82","11.10M","11.10","-0.0111","63.39","64.23"
"Feb 05, 2018","893.68","885.61","903.93","873.52","8.86M","8.86","-0.0024","64.15","64.14"
"Feb 02, 2018","895.86","926.22","935.09","892.54","13.37M","13.37","-0.0419","65.45","64.13"
"Feb 01, 2018","934.99","954.21","963.47","927.81","7.63M","7.63","-0.0181","65.8","63.98"
"Jan 31, 2018","952.27","941.08","955.44","932.71","5.79M","5.79","0.0115","64.73","63.55"
"Jan 30, 2018","941.48","956.73","956.73","940.09","4.24M","4.24","-0.0146","64.5","63.69"
"Jan 29, 2018","955.44","957.13","968.12","950.29","4.57M","4.57","-0.0015","65.56","63.6"
"Jan 25, 2018","956.83","958.81","962.87","947.17","6.31M","6.31","-0.0005","65.51","63.515"
"Jan 24, 2018","957.28","972.53","972.53","953.61","6.59M","6.59","-0.0172","65.61","63.66"
"Jan 23, 2018","974.02","965.84","981.64","965.84","10.40M","10.40","0.0121","64.47","63.76"
"Jan 22, 2018","962.38","939.1","965.15","931.17","21.09M","21.09","0.0432","63.49","63.89"
"Jan 19, 2018 E","922.56","914.33","925.63","913.44","4.60M","4.60","0.0126","63.37","63.83"
"Jan 18, 2018","911.06","920.28","920.87","906.51","4.33M","4.33","-0.0052","63.95","63.87"
"Jan 17, 2018","915.82","917.3","920.28","898.48","6.09M","6.09","0.0017","63.97","63.885"
"Jan 16, 2018","914.28","938.8","938.8","911.36","5.00M","5.00","-0.0276","63.73","64.02"
"Jan 15, 2018","940.24","941.08","949.5","936.32","5.13M","5.13","0.0002","64.73","63.515"
"Jan 12, 2018","940.09","934.15","943.85","929.44","6.96M","6.96","0.012","64.3","63.61"
"Jan 11, 2018","928.94","932.96","933.8","926.22","3.62M","3.62","-0.0049","63.8","63.69"
"Jan 10, 2018","933.5","934.15","938.5","926.72","5.41M","5.41","0.0015","63.57","63.63"
"Jan 09, 2018","932.11","919.43","935.04","915.32","6.60M","6.60","0.0134","62.96","63.67"
"Jan 08, 2018","919.83","917.4","922.26","914.83","4.07M","4.07","0.0057","61.73","63.475"
"Jan 05, 2018","914.58","913.14","918.2","911.61","3.43M","3.43","0.0032","61.44","63.34"
"Jan 04, 2018","911.66","909.53","913.14","907.1","4.16M","4.16","0.006","62.01","63.4"
"Jan 03, 2018","906.21","916.31","917.3","904.48","6.23M","6.23","0.004","61.63","63.505"
"Jan 02, 2018","902.59","904.43","910.92","897.89","4.38M","4.38","0.0015","60.37","63.46"
"Jan 01, 2018","901.21","914.04","914.04","898.98","4.36M","4.36","-0.0123","60.24","63.68"
"Dec 29, 2017","912.4","917.8","923.55","909.88","5.12M","5.12","-0.0034","60.42","63.84"
"Dec 28, 2017","915.52","916.56","925.63","910.47","7.16M","7.16","0.0005","59.84","64.08"
"Dec 27, 2017","915.08","924.24","928.7","910.37","4.39M","4.39","-0.0065","59.64","64.12"
"Dec 26, 2017","921.07","916.17","930.08","909.53","5.35M","5.35","0.0102","59.97","64.05"
"Dec 22, 2017","911.76","906.06","913.74","900.76","4.92M","4.92","0.0082","58.47","64.02"
"Dec 21, 2017","904.38","909.83","915.27","901.46","4.19M","4.19","-0.0057","58.36","64.02"
"Dec 20, 2017","909.53","917.21","918.69","908.39","4.82M","4.82","-0.0084","58.09","64.115"
"Dec 19, 2017","917.26","914.93","918.3","911.36","4.10M","4.10","0.0054","57.46","64.06"
"Dec 18, 2017","912.35","903.39","923.89","854.55","8.58M","8.58","0.0014","57.16","64.21"
"Dec 15, 2017","911.11","922.26","924.19","909.08","11.26M","11.26","-0.0019","57.3","64.08"
"Dec 14, 2017","912.85","910.37","916.22","900.22","5.07M","5.07","0.0075","57.04","64.34"
"Dec 13, 2017","906.06","908.29","916.26","902.15","4.22M","4.22","-0.001","56.6","64.46"
"Dec 12, 2017","907","907.35","920.28","899.47","7.28M","7.28","-0.0006","57.14","64.41"
"Dec 11, 2017","907.55","913.79","917.3","904.97","4.98M","4.98","-0.0053","57.99","64.355"
"Dec 08, 2017","912.35","925.08","928.15","910.42","5.64M","5.64","-0.0113","57.36","64.48"
"Dec 07, 2017","922.8","921.32","927.21","914.33","5.58M","5.58","0.0053","56.69","64.57"
"Dec 06, 2017","917.95","901.46","921.56","900.27","11.11M","11.11","0.0142","55.96","64.53"
"Dec 05, 2017","905.12","892.59","912.1","887.04","8.45M","8.45","0.0134","57.62","64.36"
"Dec 04, 2017","893.13","904.92","905.22","888.92","4.66M","4.66","-0.0093","57.47","64.38"
"Dec 01, 2017","901.55","915.77","922.51","899.18","5.13M","5.13","-0.0124","58.36","64.52"
"Nov 30, 2017","912.9","932.61","932.61","910.87","9.52M","9.52","-0.0258","57.4","64.49"
"Nov 29, 2017","937.12","933.01","941.08","932.16","3.71M","3.71","0.0028","57.3","64.36"
"Nov 28, 2017","934.49","940.93","942.42","929.29","4.69M","4.69","-0.0084","57.99","64.41"
"Nov 27, 2017","942.42","938.36","948.51","935.14","4.72M","4.72","0.0003","58.11","64.477"
"Nov 24, 2017","942.17","941.08","950.49","938.5","6.46M","6.46","0.0043","58.95","64.68"
"Nov 23, 2017","938.11","922.26","940.98","917.95","7.40M","7.40","0.0175","58.38","64.57"
"Nov 22, 2017","922.01","928.65","929.84","914.78","5.10M","5.10","-0.0019","58.02","64.88"
"Nov 21, 2017","923.79","918.1","930.83","916.81","6.04M","6.04","0.0127","56.83","64.88"
"Nov 20, 2017","912.2","897.69","915.67","896.5","4.26M","4.26","0.0098","56.09","65.1"
"Nov 17, 2017","903.34","910.32","916.22","899.97","5.64M","5.64","0.0089","56.55","65.015"
"Nov 16, 2017","895.36","877.19","897.49","877.19","7.00M","7.00","0.0228","55.14","65.295"
"Nov 15, 2017","875.4","876.19","882.24","869.71","7.05M","7.05","-0.0034","55.33","65.27"
"Nov 14, 2017","878.37","866.78","886.6","864.8","5.76M","5.76","0.0131","55.7","65.41"
"Nov 13, 2017","867.03","876.69","883.53","865.3","4.19M","4.19","-0.0097","56.76","65.44"
"Nov 10, 2017","875.55","892.49","892.49","870.94","6.43M","6.43","-0.0185","56.74","65.19"
"Nov 09, 2017","892.04","886.35","901.36","883.67","6.93M","6.93","0.0143","57.17","64.975"
"Nov 08, 2017","879.46","894.03","897.49","875.8","8.19M","8.19","-0.0209","56.81","64.92"
"Nov 07, 2017","898.19","924.59","926.22","894.57","9.44M","9.44","-0.0277","57.2","65.06"
"Nov 06, 2017","923.74","933.65","933.65","920.28","4.50M","4.50","-0.0135","57.35","64.625"
"Nov 03, 2017","936.42","946.97","946.97","931.32","2.21M","2.21","-0.0014","55.64","64.56"
"Nov 02, 2017","937.71","943.85","947.52","935.38","4.74M","4.74","-0.0063","54.54","64.575"
"Nov 01, 2017","943.61","938.85","948.81","936.87","8.11M","8.11","0.0124","54.3","64.565"
"Oct 31, 2017","932.02","936.08","936.87","923.45","4.39M","4.39","-0.0017","54.38","64.75"
"Oct 30, 2017","933.65","925.23","936.67","921.86","3.61M","3.61","0.0136","54.15","64.86"
"Oct 27, 2017","921.12","941.08","947.72","917.01","5.31M","5.31","-0.0185","53.9","65.04"
"Oct 26, 2017","938.5","931.17","948.81","922.26","7.77M","7.77","0.008","52.64","64.84"
"Oct 25, 2017","931.07","931.27","937.02","920.77","4.62M","4.62","0.006","52.18","64.925"
"Oct 24, 2017","925.48","938.8","938.8","919.48","6.40M","6.40","-0.0059","52.47","65.09"
"Oct 23, 2017","930.93","904.33","935.83","900.56","12.67M","12.67","0.0328","51.9","65.023"
